*** TOTAL RECORDS UPDATED: 537
. TOTAL ALIGNED: 428. TOTAL MISALIGNED: 68. TOTAL IN AIRTABLE BUT NOT PRISMA: 41. TOTAL ERRORS: 0
*** ALIGNED ***
Physical Product SUID: ALIN-BLU-SS-001-01 AirtableProdVar SKU: ALIN-BLU-SS-001 PrismaProdVar SKU: ALIN-BLU-SS-001
Physical Product SUID: STUS-RED-SS-003-01 AirtableProdVar SKU: STUS-RED-SS-003 PrismaProdVar SKU: STUS-RED-SS-003
Physical Product SUID: STUS-RED-MM-003-01 AirtableProdVar SKU: STUS-RED-MM-003 PrismaProdVar SKU: STUS-RED-MM-003
Physical Product SUID: ALIN-BLU-LL-001-01 AirtableProdVar SKU: ALIN-BLU-LL-001 PrismaProdVar SKU: ALIN-BLU-LL-001
Physical Product SUID: STUS-RED-LL-003-01 AirtableProdVar SKU: STUS-RED-LL-003 PrismaProdVar SKU: STUS-RED-LL-003
Physical Product SUID: ALIN-BLU-LL-001-02 AirtableProdVar SKU: ALIN-BLU-LL-001 PrismaProdVar SKU: ALIN-BLU-LL-001
Physical Product SUID: CAVE-BWN-LL-002-01 AirtableProdVar SKU: CAVE-BWN-LL-002 PrismaProdVar SKU: CAVE-BWN-LL-002
Physical Product SUID: CAVE-BWN-MM-002-01 AirtableProdVar SKU: CAVE-BWN-MM-002 PrismaProdVar SKU: CAVE-BWN-MM-002
Physical Product SUID: CAVE-BWN-SS-002-01 AirtableProdVar SKU: CAVE-BWN-SS-002 PrismaProdVar SKU: CAVE-BWN-SS-002
Physical Product SUID: CPFM-GRN-LL-002-02 AirtableProdVar SKU: CPFM-GRN-LL-002 PrismaProdVar SKU: CPFM-GRN-LL-002
Physical Product SUID: CPFM-GRN-LL-002-01 AirtableProdVar SKU: CPFM-GRN-LL-002 PrismaProdVar SKU: CPFM-GRN-LL-002
Physical Product SUID: JOEL-WTE-SS-004-01 AirtableProdVar SKU: JOEL-WTE-SS-003 PrismaProdVar SKU: JOEL-WTE-SS-003
Physical Product SUID: JOEL-WTE-MM-004-01 AirtableProdVar SKU: JOEL-WTE-MM-003 PrismaProdVar SKU: JOEL-WTE-MM-003
Physical Product SUID: CPFM-GRN-SS-002-01 AirtableProdVar SKU: CPFM-GRN-SS-002 PrismaProdVar SKU: CPFM-GRN-SS-002
Physical Product SUID: JOEL-WTE-LL-004-01 AirtableProdVar SKU: JOEL-WTE-LL-003 PrismaProdVar SKU: JOEL-WTE-LL-003
Physical Product SUID: MOMA-BLU-LL-001-01 AirtableProdVar SKU: MOMA-BLU-LL-001 PrismaProdVar SKU: MOMA-BLU-LL-001
Physical Product SUID: MOMA-BLU-MM-001-01 AirtableProdVar SKU: MOMA-BLU-MM-001 PrismaProdVar SKU: MOMA-BLU-MM-001
Physical Product SUID: MOMA-BLU-SS-001-01 AirtableProdVar SKU: MOMA-BLU-SS-001 PrismaProdVar SKU: MOMA-BLU-SS-001
Physical Product SUID: MOMA-BLK-LL-002-01 AirtableProdVar SKU: MOMA-BLK-LL-002 PrismaProdVar SKU: MOMA-BLK-LL-002
Physical Product SUID: MOMA-BLK-SS-002-01 AirtableProdVar SKU: MOMA-BLK-SS-002 PrismaProdVar SKU: MOMA-BLK-SS-002
Physical Product SUID: MOMA-BLK-MM-002-01 AirtableProdVar SKU: MOMA-BLK-MM-002 PrismaProdVar SKU: MOMA-BLK-MM-002
Physical Product SUID: YZY-BLK-SS-001-01 AirtableProdVar SKU: YZY-BLK-SS-001 PrismaProdVar SKU: YZY-BLK-SS-001
Physical Product SUID: YZY-BLK-MM-001-01 AirtableProdVar SKU: YZY-BLK-MM-001 PrismaProdVar SKU: YZY-BLK-MM-001
Physical Product SUID: YZY-BLK-LL-001-01 AirtableProdVar SKU: YZY-BLK-LL-001 PrismaProdVar SKU: YZY-BLK-LL-001
Physical Product SUID: YZY-BLK-MM-001-02 AirtableProdVar SKU: YZY-BLK-MM-001 PrismaProdVar SKU: YZY-BLK-MM-001
Physical Product SUID: YZY-BLK-LL-001-02 AirtableProdVar SKU: YZY-BLK-LL-001 PrismaProdVar SKU: YZY-BLK-LL-001
Physical Product SUID: YZY-BLK-LL-002-01 AirtableProdVar SKU: YZY-BLK-LL-002 PrismaProdVar SKU: YZY-BLK-LL-002
Physical Product SUID: YZY-BLK-LL-002-02 AirtableProdVar SKU: YZY-BLK-LL-002 PrismaProdVar SKU: YZY-BLK-LL-002
Physical Product SUID: YZY-BLK-SS-002-01 AirtableProdVar SKU: YZY-BLK-SS-002 PrismaProdVar SKU: YZY-BLK-SS-002
Physical Product SUID: YZY-BLK-MM-002-02 AirtableProdVar SKU: YZY-BLK-MM-002 PrismaProdVar SKU: YZY-BLK-MM-002
Physical Product SUID: YZY-BLK-MM-002-01 AirtableProdVar SKU: YZY-BLK-MM-002 PrismaProdVar SKU: YZY-BLK-MM-002
Physical Product SUID: PSCO-PRP-SS-001-01 AirtableProdVar SKU: PSCO-PRP-SS-001 PrismaProdVar SKU: PSCO-PRP-SS-001
Physical Product SUID: PSCO-PRP-MM-001-01 AirtableProdVar SKU: PSCO-PRP-MM-001 PrismaProdVar SKU: PSCO-PRP-MM-001
Physical Product SUID: PSCO-PRP-LL-001-01 AirtableProdVar SKU: PSCO-PRP-LL-001 PrismaProdVar SKU: PSCO-PRP-LL-001
Physical Product SUID: GUCC-BLK-LL-002-01 AirtableProdVar SKU: GUCC-BLK-LL-001 PrismaProdVar SKU: GUCC-BLK-LL-001
Physical Product SUID: AMIR-BLK-MM-003-01 AirtableProdVar SKU: AMIR-BLK-MM-003 PrismaProdVar SKU: AMIR-BLK-MM-003
Physical Product SUID: GUCC-BLK-SS-002-01 AirtableProdVar SKU: GUCC-BLK-SS-001 PrismaProdVar SKU: GUCC-BLK-SS-001
Physical Product SUID: AMIR-BLK-SS-003-01 AirtableProdVar SKU: AMIR-BLK-SS-003 PrismaProdVar SKU: AMIR-BLK-SS-003
Physical Product SUID: BLAN-BLK-SS-001-01 AirtableProdVar SKU: BLAN-BLK-SS-001 PrismaProdVar SKU: BLAN-BLK-SS-001
Physical Product SUID: AMIR-BLK-LL-003-01 AirtableProdVar SKU: AMIR-BLK-LL-003 PrismaProdVar SKU: AMIR-BLK-LL-003
Physical Product SUID: BLAN-BLK-MM-001-01 AirtableProdVar SKU: BLAN-BLK-MM-001 PrismaProdVar SKU: BLAN-BLK-MM-001
Physical Product SUID: BLAN-BLK-XL-001-01 AirtableProdVar SKU: BLAN-BLK-XL-001 PrismaProdVar SKU: BLAN-BLK-XL-001
Physical Product SUID: NANA-BLU-SS-001-01 AirtableProdVar SKU: NANA-BLU-SS-001 PrismaProdVar SKU: NANA-BLU-SS-001
Physical Product SUID: NANA-BLU-MM-001-01 AirtableProdVar SKU: NANA-BLU-MM-001 PrismaProdVar SKU: NANA-BLU-MM-001
Physical Product SUID: BLAN-BLK-LL-001-02 AirtableProdVar SKU: BLAN-BLK-LL-001 PrismaProdVar SKU: BLAN-BLK-LL-001
Physical Product SUID: BLAN-BLK-LL-001-01 AirtableProdVar SKU: BLAN-BLK-LL-001 PrismaProdVar SKU: BLAN-BLK-LL-001
Physical Product SUID: NANA-BLU-LL-001-01 AirtableProdVar SKU: NANA-BLU-LL-001 PrismaProdVar SKU: NANA-BLU-LL-001
Physical Product SUID: AMIR-BLU-MM-002-01 AirtableProdVar SKU: AMIR-BLU-MM-002 PrismaProdVar SKU: AMIR-BLU-MM-002
Physical Product SUID: AMIR-BLU-SS-002-01 AirtableProdVar SKU: AMIR-BLU-SS-002 PrismaProdVar SKU: AMIR-BLU-SS-002
Physical Product SUID: AMIR-BLU-LL-002-01 AirtableProdVar SKU: AMIR-BLU-LL-002 PrismaProdVar SKU: AMIR-BLU-LL-002
Physical Product SUID: DUVE-BLU-MM-001-01 AirtableProdVar SKU: DUVE-BLU-MM-001 PrismaProdVar SKU: DUVE-BLU-MM-001
Physical Product SUID: DUVE-BLU-LL-001-01 AirtableProdVar SKU: DUVE-BLU-LL-001 PrismaProdVar SKU: DUVE-BLU-LL-001
Physical Product SUID: DUVE-RED-LL-002-01 AirtableProdVar SKU: DUVE-RED-LL-002 PrismaProdVar SKU: DUVE-RED-LL-002
Physical Product SUID: DUVE-RED-MM-002-01 AirtableProdVar SKU: DUVE-RED-MM-002 PrismaProdVar SKU: DUVE-RED-MM-002
Physical Product SUID: DUVE-RED-SS-002-01 AirtableProdVar SKU: DUVE-RED-SS-002 PrismaProdVar SKU: DUVE-RED-SS-002
Physical Product SUID: DUVE-BLU-SS-001-01 AirtableProdVar SKU: DUVE-BLU-SS-001 PrismaProdVar SKU: DUVE-BLU-SS-001
Physical Product SUID: JOEL-BLK-SS-001-01 AirtableProdVar SKU: JOEL-BLK-SS-001 PrismaProdVar SKU: JOEL-BLK-SS-001
Physical Product SUID: AMBU-ORG-SS-003-01 AirtableProdVar SKU: AMBU-ORG-SS-003 PrismaProdVar SKU: AMBU-ORG-SS-003
Physical Product SUID: PLTO-GRY-SS-001-01 AirtableProdVar SKU: PLTO-GRY-SS-001 PrismaProdVar SKU: PLTO-GRY-SS-001
Physical Product SUID: AMBU-ORG-MM-003-01 AirtableProdVar SKU: AMBU-ORG-MM-003 PrismaProdVar SKU: AMBU-ORG-MM-003
Physical Product SUID: AMBU-ORG-LL-003-01 AirtableProdVar SKU: AMBU-ORG-LL-003 PrismaProdVar SKU: AMBU-ORG-LL-003
Physical Product SUID: PLTO-GRY-LL-001-01 AirtableProdVar SKU: PLTO-GRY-LL-001 PrismaProdVar SKU: PLTO-GRY-LL-001
Physical Product SUID: PLTO-GRY-MM-001-01 AirtableProdVar SKU: PLTO-GRY-MM-001 PrismaProdVar SKU: PLTO-GRY-MM-001
Physical Product SUID: STIS-BLK-LL-005-01 AirtableProdVar SKU: STIS-BLK-LL-005 PrismaProdVar SKU: STIS-BLK-LL-005
Physical Product SUID: PLSR-PRP-SS-003-01 AirtableProdVar SKU: PLSR-PRP-SS-003 PrismaProdVar SKU: PLSR-PRP-SS-003
Physical Product SUID: STIS-BLK-SS-005-01 AirtableProdVar SKU: STIS-BLK-SS-005 PrismaProdVar SKU: STIS-BLK-SS-005
Physical Product SUID: STIS-BLK-MM-005-01 AirtableProdVar SKU: STIS-BLK-MM-005 PrismaProdVar SKU: STIS-BLK-MM-005
Physical Product SUID: PLSR-PRP-MM-003-01 AirtableProdVar SKU: PLSR-PRP-MM-003 PrismaProdVar SKU: PLSR-PRP-MM-003
Physical Product SUID: PLSR-PRP-LL-003-01 AirtableProdVar SKU: PLSR-PRP-LL-003 PrismaProdVar SKU: PLSR-PRP-LL-003
Physical Product SUID: DVNN-BLK-SS-003-01 AirtableProdVar SKU: DVNN-BLK-SS-003 PrismaProdVar SKU: DVNN-BLK-SS-003
Physical Product SUID: DVNN-BLK-MM-003-01 AirtableProdVar SKU: DVNN-BLK-MM-003 PrismaProdVar SKU: DVNN-BLK-MM-003
Physical Product SUID: STUS-RED-MM-001-01 AirtableProdVar SKU: STUS-RED-MM-001 PrismaProdVar SKU: STUS-RED-MM-001
Physical Product SUID: DVNN-BLK-LL-003-01 AirtableProdVar SKU: DVNN-BLK-LL-003 PrismaProdVar SKU: DVNN-BLK-LL-003
Physical Product SUID: STUS-RED-LL-001-01 AirtableProdVar SKU: STUS-RED-LL-001 PrismaProdVar SKU: STUS-RED-LL-001
Physical Product SUID: STUS-RED-SS-001-01 AirtableProdVar SKU: STUS-RED-SS-001 PrismaProdVar SKU: STUS-RED-SS-001
Physical Product SUID: Y3NY-BLK-SS-002-01 AirtableProdVar SKU: Y3NY-BLK-SS-002 PrismaProdVar SKU: Y3NY-BLK-SS-002
Physical Product SUID: Y3NY-BLK-LL-002-01 AirtableProdVar SKU: Y3NY-BLK-LL-002 PrismaProdVar SKU: Y3NY-BLK-LL-002
Physical Product SUID: Y3NY-BLK-MM-002-01 AirtableProdVar SKU: Y3NY-BLK-MM-002 PrismaProdVar SKU: Y3NY-BLK-MM-002
Physical Product SUID: ACNE-BLK-LL-003-01 AirtableProdVar SKU: ACNE-BLK-LL-003 PrismaProdVar SKU: ACNE-BLK-LL-003
Physical Product SUID: ACNE-BLK-MM-003-01 AirtableProdVar SKU: ACNE-BLK-MM-003 PrismaProdVar SKU: ACNE-BLK-MM-003
Physical Product SUID: ACNE-BLK-SS-003-01 AirtableProdVar SKU: ACNE-BLK-SS-003 PrismaProdVar SKU: ACNE-BLK-SS-003
Physical Product SUID: ACNE-PNK-LL-004-01 AirtableProdVar SKU: ACNE-PNK-LL-004 PrismaProdVar SKU: ACNE-PNK-LL-004
Physical Product SUID: ACNE-PNK-SS-004-01 AirtableProdVar SKU: ACNE-PNK-SS-004 PrismaProdVar SKU: ACNE-PNK-SS-004
Physical Product SUID: ACNE-PNK-MM-004-01 AirtableProdVar SKU: ACNE-PNK-MM-004 PrismaProdVar SKU: ACNE-PNK-MM-004
Physical Product SUID: BLRS-BWN-SS-001-01 AirtableProdVar SKU: BLRS-BWN-SS-001 PrismaProdVar SKU: BLRS-BWN-SS-001
Physical Product SUID: SNDO-GRY-SS-001-01 AirtableProdVar SKU: SNDO-GRY-SS-001 PrismaProdVar SKU: SNDO-GRY-SS-001
Physical Product SUID: SNDO-GRY-LL-001-01 AirtableProdVar SKU: SNDO-GRY-LL-001 PrismaProdVar SKU: SNDO-GRY-LL-001
Physical Product SUID: SNDO-GRY-MM-001-01 AirtableProdVar SKU: SNDO-GRY-MM-001 PrismaProdVar SKU: SNDO-GRY-MM-001
Physical Product SUID: BLRS-BWN-LL-001-01 AirtableProdVar SKU: BLRS-BWN-LL-001 PrismaProdVar SKU: BLRS-BWN-LL-001
Physical Product SUID: KENZ-BLU-SS-001-01 AirtableProdVar SKU: KENZ-BLU-SS-001 PrismaProdVar SKU: KENZ-BLU-SS-001
Physical Product SUID: BLRS-BWN-MM-001-01 AirtableProdVar SKU: BLRS-BWN-MM-001 PrismaProdVar SKU: BLRS-BWN-MM-001
Physical Product SUID: KENZ-BLU-LL-001-01 AirtableProdVar SKU: KENZ-BLU-LL-001 PrismaProdVar SKU: KENZ-BLU-LL-001
Physical Product SUID: KENZ-BLU-MM-001-01 AirtableProdVar SKU: KENZ-BLU-MM-001 PrismaProdVar SKU: KENZ-BLU-MM-001
Physical Product SUID: MONC-BLU-SS-001-01 AirtableProdVar SKU: MONC-BLU-SS-001 PrismaProdVar SKU: MONC-BLU-SS-001
Physical Product SUID: MONC-BLU-MM-001-01 AirtableProdVar SKU: MONC-BLU-MM-001 PrismaProdVar SKU: MONC-BLU-MM-001
Physical Product SUID: ACNE-BLK-MM-001-01 AirtableProdVar SKU: ACNE-BLK-MM-001 PrismaProdVar SKU: ACNE-BLK-MM-001
Physical Product SUID: ACNE-BLK-SS-001-01 AirtableProdVar SKU: ACNE-BLK-SS-001 PrismaProdVar SKU: ACNE-BLK-SS-001
Physical Product SUID: MONC-BLU-LL-001-01 AirtableProdVar SKU: MONC-BLU-LL-001 PrismaProdVar SKU: MONC-BLU-LL-001
Physical Product SUID: ACNE-BLK-LL-001-01 AirtableProdVar SKU: ACNE-BLK-LL-001 PrismaProdVar SKU: ACNE-BLK-LL-001
Physical Product SUID: ACNE-BLU-MM-002-01 AirtableProdVar SKU: ACNE-BLU-MM-002 PrismaProdVar SKU: ACNE-BLU-MM-002
Physical Product SUID: ACNE-BLU-LL-002-01 AirtableProdVar SKU: ACNE-BLU-LL-002 PrismaProdVar SKU: ACNE-BLU-LL-002
Physical Product SUID: ACNE-BLU-SS-002-01 AirtableProdVar SKU: ACNE-BLU-SS-002 PrismaProdVar SKU: ACNE-BLU-SS-002
Physical Product SUID: ALDE-RED-SS-001-01 AirtableProdVar SKU: ALDE-RED-SS-001 PrismaProdVar SKU: ALDE-RED-SS-001
Physical Product SUID: ALDE-GRN-SS-002-01 AirtableProdVar SKU: ALDE-GRN-SS-002 PrismaProdVar SKU: ALDE-GRN-SS-002
Physical Product SUID: ALDE-RED-LL-001-01 AirtableProdVar SKU: ALDE-RED-LL-001 PrismaProdVar SKU: ALDE-RED-LL-001
Physical Product SUID: ALDE-GRN-MM-002-01 AirtableProdVar SKU: ALDE-GRN-MM-002 PrismaProdVar SKU: ALDE-GRN-MM-002
Physical Product SUID: ALDE-RED-MM-001-01 AirtableProdVar SKU: ALDE-RED-MM-001 PrismaProdVar SKU: ALDE-RED-MM-001
Physical Product SUID: ALDE-GRN-LL-002-01 AirtableProdVar SKU: ALDE-GRN-LL-002 PrismaProdVar SKU: ALDE-GRN-LL-002
Physical Product SUID: BIYD-GRN-LL-002-01 AirtableProdVar SKU: BIYD-GRN-LL-002 PrismaProdVar SKU: BIYD-GRN-LL-002
Physical Product SUID: BIYD-GRN-SS-002-01 AirtableProdVar SKU: BIYD-GRN-SS-002 PrismaProdVar SKU: BIYD-GRN-SS-002
Physical Product SUID: BIYD-GRN-XL-002-01 AirtableProdVar SKU: BIYD-GRN-XL-002 PrismaProdVar SKU: BIYD-GRN-XL-002
Physical Product SUID: BIYD-PRP-SS-001-01 AirtableProdVar SKU: BIYD-PRP-SS-001 PrismaProdVar SKU: BIYD-PRP-SS-001
Physical Product SUID: BIYD-PRP-MM-001-01 AirtableProdVar SKU: BIYD-PRP-MM-001 PrismaProdVar SKU: BIYD-PRP-MM-001
Physical Product SUID: MTRO-GRN-MM-001-01 AirtableProdVar SKU: MTRO-GRN-MM-001 PrismaProdVar SKU: MTRO-GRN-MM-001
Physical Product SUID: BIYD-PRP-LL-001-01 AirtableProdVar SKU: BIYD-PRP-LL-001 PrismaProdVar SKU: BIYD-PRP-LL-001
Physical Product SUID: MTRO-GRN-SS-001-01 AirtableProdVar SKU: MTRO-GRN-SS-001 PrismaProdVar SKU: MTRO-GRN-SS-001
Physical Product SUID: STIS-GRN-SS-002-01 AirtableProdVar SKU: STIS-GRN-SS-002 PrismaProdVar SKU: STIS-GRN-SS-002
Physical Product SUID: MTRO-GRN-LL-001-01 AirtableProdVar SKU: MTRO-GRN-LL-001 PrismaProdVar SKU: MTRO-GRN-LL-001
Physical Product SUID: STIS-GRN-LL-002-01 AirtableProdVar SKU: STIS-GRN-LL-002 PrismaProdVar SKU: STIS-GRN-LL-002
Physical Product SUID: STIS-GRN-MM-002-01 AirtableProdVar SKU: STIS-GRN-MM-002 PrismaProdVar SKU: STIS-GRN-MM-002
Physical Product SUID: STIS-BLK-LL-003-01 AirtableProdVar SKU: STIS-BLK-LL-003 PrismaProdVar SKU: STIS-BLK-LL-003
Physical Product SUID: STIS-BLK-SS-003-01 AirtableProdVar SKU: STIS-BLK-SS-003 PrismaProdVar SKU: STIS-BLK-SS-003
Physical Product SUID: CDGS-WTE-SS-002-01 AirtableProdVar SKU: CDGS-WTE-SS-002 PrismaProdVar SKU: CDGS-WTE-SS-002
Physical Product SUID: STIS-BLK-MM-003-01 AirtableProdVar SKU: STIS-BLK-MM-003 PrismaProdVar SKU: STIS-BLK-MM-003
Physical Product SUID: CDGS-BLK-SS-001-01 AirtableProdVar SKU: CDGS-BLK-SS-001 PrismaProdVar SKU: CDGS-BLK-SS-001
Physical Product SUID: CDGS-WTE-LL-002-01 AirtableProdVar SKU: CDGS-WTE-LL-002 PrismaProdVar SKU: CDGS-WTE-LL-002
Physical Product SUID: CDGS-WTE-XL-002-01 AirtableProdVar SKU: CDGS-WTE-XL-002 PrismaProdVar SKU: CDGS-WTE-XL-002
Physical Product SUID: CDGS-WTE-MM-002-01 AirtableProdVar SKU: CDGS-WTE-MM-002 PrismaProdVar SKU: CDGS-WTE-MM-002
Physical Product SUID: CDGS-BLK-MM-001-01 AirtableProdVar SKU: CDGS-BLK-MM-001 PrismaProdVar SKU: CDGS-BLK-MM-001
Physical Product SUID: CDGS-BLK-LL-001-01 AirtableProdVar SKU: CDGS-BLK-LL-001 PrismaProdVar SKU: CDGS-BLK-LL-001
Physical Product SUID: CAVE-GRN-SS-001-01 AirtableProdVar SKU: CAVE-GRN-SS-001 PrismaProdVar SKU: CAVE-GRN-SS-001
Physical Product SUID: CDGS-BLK-XL-001-01 AirtableProdVar SKU: CDGS-BLK-XL-001 PrismaProdVar SKU: CDGS-BLK-XL-001
Physical Product SUID: CAVE-GRN-MM-001-01 AirtableProdVar SKU: CAVE-GRN-MM-001 PrismaProdVar SKU: CAVE-GRN-MM-001
Physical Product SUID: AMIR-BLU-LL-001-01 AirtableProdVar SKU: AMIR-BLU-LL-001 PrismaProdVar SKU: AMIR-BLU-LL-001
Physical Product SUID: AMIR-BLU-SS-001-01 AirtableProdVar SKU: AMIR-BLU-SS-001 PrismaProdVar SKU: AMIR-BLU-SS-001
Physical Product SUID: CAVE-GRN-LL-001-01 AirtableProdVar SKU: CAVE-GRN-LL-001 PrismaProdVar SKU: CAVE-GRN-LL-001
Physical Product SUID: AMIR-BLU-MM-001-01 AirtableProdVar SKU: AMIR-BLU-MM-001 PrismaProdVar SKU: AMIR-BLU-MM-001
Physical Product SUID: GUCC-BLK-MM-003-01 AirtableProdVar SKU: GUCC-BLK-MM-002 PrismaProdVar SKU: GUCC-BLK-MM-002
Physical Product SUID: GUCC-BLK-SS-003-01 AirtableProdVar SKU: GUCC-BLK-SS-002 PrismaProdVar SKU: GUCC-BLK-SS-002
Physical Product SUID: MAMU-GRY-SS-001-01 AirtableProdVar SKU: MAMU-GRY-SS-001 PrismaProdVar SKU: MAMU-GRY-SS-001
Physical Product SUID: MAMU-GRY-MM-001-01 AirtableProdVar SKU: MAMU-GRY-MM-001 PrismaProdVar SKU: MAMU-GRY-MM-001
Physical Product SUID: GUCC-BLK-LL-003-01 AirtableProdVar SKU: GUCC-BLK-LL-002 PrismaProdVar SKU: GUCC-BLK-LL-002
Physical Product SUID: BABR-BLK-SS-001-01 AirtableProdVar SKU: BABR-BLK-SS-001 PrismaProdVar SKU: BABR-BLK-SS-001
Physical Product SUID: MAMU-GRY-LL-001-01 AirtableProdVar SKU: MAMU-GRY-LL-001 PrismaProdVar SKU: MAMU-GRY-LL-001
Physical Product SUID: BABR-BLK-MM-001-01 AirtableProdVar SKU: BABR-BLK-MM-001 PrismaProdVar SKU: BABR-BLK-MM-001
Physical Product SUID: SNDO-GRY-SS-002-01 AirtableProdVar SKU: SNDO-GRY-SS-002 PrismaProdVar SKU: SNDO-GRY-SS-002
Physical Product SUID: BABR-BLK-LL-001-01 AirtableProdVar SKU: BABR-BLK-LL-001 PrismaProdVar SKU: BABR-BLK-LL-001
Physical Product SUID: HEPR-WTE-MM-001-01 AirtableProdVar SKU: HEPR-WTE-MM-001 PrismaProdVar SKU: HEPR-WTE-MM-001
Physical Product SUID: SNDO-GRY-MM-002-01 AirtableProdVar SKU: SNDO-GRY-MM-002 PrismaProdVar SKU: SNDO-GRY-MM-002
Physical Product SUID: HEPR-WTE-SS-001-01 AirtableProdVar SKU: HEPR-WTE-SS-001 PrismaProdVar SKU: HEPR-WTE-SS-001
Physical Product SUID: SNDO-GRY-LL-002-01 AirtableProdVar SKU: SNDO-GRY-LL-002 PrismaProdVar SKU: SNDO-GRY-LL-002
Physical Product SUID: JOEL-BLK-LL-003-01 AirtableProdVar SKU: JOEL-BLK-LL-002 PrismaProdVar SKU: JOEL-BLK-LL-002
Physical Product SUID: JOEL-BLK-SS-003-01 AirtableProdVar SKU: JOEL-BLK-SS-002 PrismaProdVar SKU: JOEL-BLK-SS-002
Physical Product SUID: JOEL-BLK-MM-003-01 AirtableProdVar SKU: JOEL-BLK-MM-002 PrismaProdVar SKU: JOEL-BLK-MM-002
Physical Product SUID: HEPR-WTE-LL-001-01 AirtableProdVar SKU: HEPR-WTE-LL-001 PrismaProdVar SKU: HEPR-WTE-LL-001
Physical Product SUID: ONLY-BLU-SS-002-01 AirtableProdVar SKU: ONLY-BLU-SS-002 PrismaProdVar SKU: ONLY-BLU-SS-002
Physical Product SUID: STIS-GRY-SS-004-01 AirtableProdVar SKU: STIS-GRY-SS-004 PrismaProdVar SKU: STIS-GRY-SS-004
Physical Product SUID: STIS-GRY-LL-004-01 AirtableProdVar SKU: STIS-GRY-LL-004 PrismaProdVar SKU: STIS-GRY-LL-004
Physical Product SUID: STIS-GRY-MM-004-01 AirtableProdVar SKU: STIS-GRY-MM-004 PrismaProdVar SKU: STIS-GRY-MM-004
Physical Product SUID: ONLY-BLU-MM-002-01 AirtableProdVar SKU: ONLY-BLU-MM-002 PrismaProdVar SKU: ONLY-BLU-MM-002
Physical Product SUID: PAAN-RED-MM-001-01 AirtableProdVar SKU: PAAN-RED-MM-001 PrismaProdVar SKU: PAAN-RED-MM-001
Physical Product SUID: PAAN-RED-LL-001-01 AirtableProdVar SKU: PAAN-RED-LL-001 PrismaProdVar SKU: PAAN-RED-LL-001
Physical Product SUID: ONLY-BLU-LL-002-01 AirtableProdVar SKU: ONLY-BLU-LL-002 PrismaProdVar SKU: ONLY-BLU-LL-002
Physical Product SUID: PAAN-RED-SS-001-01 AirtableProdVar SKU: PAAN-RED-SS-001 PrismaProdVar SKU: PAAN-RED-SS-001
Physical Product SUID: JOEL-WTE-MM-007-01 AirtableProdVar SKU: JOEL-WTE-MM-005 PrismaProdVar SKU: JOEL-WTE-MM-005
Physical Product SUID: JOEL-RED-MM-006-01 AirtableProdVar SKU: JOEL-RED-MM-004 PrismaProdVar SKU: JOEL-RED-MM-004
Physical Product SUID: JOEL-RED-SS-006-01 AirtableProdVar SKU: JOEL-RED-SS-004 PrismaProdVar SKU: JOEL-RED-SS-004
Physical Product SUID: JOEL-RED-LL-006-01 AirtableProdVar SKU: JOEL-RED-LL-004 PrismaProdVar SKU: JOEL-RED-LL-004
Physical Product SUID: JOEL-WTE-SS-007-01 AirtableProdVar SKU: JOEL-WTE-SS-005 PrismaProdVar SKU: JOEL-WTE-SS-005
Physical Product SUID: JOEL-WTE-XL-007-01 AirtableProdVar SKU: JOEL-WTE-XL-005 PrismaProdVar SKU: JOEL-WTE-XL-005
Physical Product SUID: EQUI-RED-SS-001-01 AirtableProdVar SKU: EQUI-RED-SS-001 PrismaProdVar SKU: EQUI-RED-SS-001
Physical Product SUID: EQUI-RED-LL-001-01 AirtableProdVar SKU: EQUI-RED-LL-001 PrismaProdVar SKU: EQUI-RED-LL-001
Physical Product SUID: STIS-GRN-SS-001-01 AirtableProdVar SKU: STIS-GRN-SS-001 PrismaProdVar SKU: STIS-GRN-SS-001
Physical Product SUID: EQUI-RED-MM-001-01 AirtableProdVar SKU: EQUI-RED-MM-001 PrismaProdVar SKU: EQUI-RED-MM-001
Physical Product SUID: STIS-GRN-LL-001-01 AirtableProdVar SKU: STIS-GRN-LL-001 PrismaProdVar SKU: STIS-GRN-LL-001
Physical Product SUID: CRGR-BLU-LL-001-02 AirtableProdVar SKU: CRGR-BLU-LL-001 PrismaProdVar SKU: CRGR-BLU-LL-001
Physical Product SUID: STIS-GRN-MM-001-01 AirtableProdVar SKU: STIS-GRN-MM-001 PrismaProdVar SKU: STIS-GRN-MM-001
Physical Product SUID: CRGR-BLU-LL-001-01 AirtableProdVar SKU: CRGR-BLU-LL-001 PrismaProdVar SKU: CRGR-BLU-LL-001
Physical Product SUID: CRGR-BLK-MM-002-02 AirtableProdVar SKU: CRGR-BLK-MM-002 PrismaProdVar SKU: CRGR-BLK-MM-002
Physical Product SUID: CRGR-BLU-MM-001-02 AirtableProdVar SKU: CRGR-BLU-MM-001 PrismaProdVar SKU: CRGR-BLU-MM-001
Physical Product SUID: CRGR-BLK-LL-002-01 AirtableProdVar SKU: CRGR-BLK-LL-002 PrismaProdVar SKU: CRGR-BLK-LL-002
Physical Product SUID: CRGR-BLK-SS-002-01 AirtableProdVar SKU: CRGR-BLK-SS-002 PrismaProdVar SKU: CRGR-BLK-SS-002
Physical Product SUID: CRGR-BLU-XL-001-01 AirtableProdVar SKU: CRGR-BLU-XL-001 PrismaProdVar SKU: CRGR-BLU-XL-001
Physical Product SUID: CRGR-BLK-LL-002-02 AirtableProdVar SKU: CRGR-BLK-LL-002 PrismaProdVar SKU: CRGR-BLK-LL-002
Physical Product SUID: CRGR-BLK-SS-002-02 AirtableProdVar SKU: CRGR-BLK-SS-002 PrismaProdVar SKU: CRGR-BLK-SS-002
Physical Product SUID: CRGR-BLU-MM-001-01 AirtableProdVar SKU: CRGR-BLU-MM-001 PrismaProdVar SKU: CRGR-BLU-MM-001
Physical Product SUID: CRGR-BLK-MM-002-01 AirtableProdVar SKU: CRGR-BLK-MM-002 PrismaProdVar SKU: CRGR-BLK-MM-002
Physical Product SUID: CRGR-BLU-SS-001-01 AirtableProdVar SKU: CRGR-BLU-SS-001 PrismaProdVar SKU: CRGR-BLU-SS-001
Physical Product SUID: DVNN-BLK-MM-002-01 AirtableProdVar SKU: DVNN-BLK-MM-002 PrismaProdVar SKU: DVNN-BLK-MM-002
Physical Product SUID: CRGR-BLK-XL-002-01 AirtableProdVar SKU: CRGR-BLK-XL-002 PrismaProdVar SKU: CRGR-BLK-XL-002
Physical Product SUID: PLSR-RED-MM-004-01 AirtableProdVar SKU: PLSR-RED-MM-004 PrismaProdVar SKU: PLSR-RED-MM-004
Physical Product SUID: PLSR-RED-LL-004-01 AirtableProdVar SKU: PLSR-RED-LL-004 PrismaProdVar SKU: PLSR-RED-LL-004
Physical Product SUID: DEVA-GRY-SS-001-01 AirtableProdVar SKU: DEVA-GRY-SS-001 PrismaProdVar SKU: DEVA-GRY-SS-001
Physical Product SUID: PLSR-RED-SS-004-01 AirtableProdVar SKU: PLSR-RED-SS-004 PrismaProdVar SKU: PLSR-RED-SS-004
Physical Product SUID: DEVA-GRY-MM-001-01 AirtableProdVar SKU: DEVA-GRY-MM-001 PrismaProdVar SKU: DEVA-GRY-MM-001
Physical Product SUID: DEVA-GRY-LL-001-01 AirtableProdVar SKU: DEVA-GRY-LL-001 PrismaProdVar SKU: DEVA-GRY-LL-001
Physical Product SUID: OURL-BWN-MM-003-01 AirtableProdVar SKU: OURL-BWN-MM-003 PrismaProdVar SKU: OURL-BWN-MM-003
Physical Product SUID: OURL-BWN-SS-003-01 AirtableProdVar SKU: OURL-BWN-SS-003 PrismaProdVar SKU: OURL-BWN-SS-003
Physical Product SUID: OURL-BWN-LL-003-01 AirtableProdVar SKU: OURL-BWN-LL-003 PrismaProdVar SKU: OURL-BWN-LL-003
Physical Product SUID: MAHO-BWN-SS-001-01 AirtableProdVar SKU: MAHO-BWN-SS-001 PrismaProdVar SKU: MAHO-BWN-SS-001
Physical Product SUID: MAHO-BWN-LL-001-01 AirtableProdVar SKU: MAHO-BWN-LL-001 PrismaProdVar SKU: MAHO-BWN-LL-001
Physical Product SUID: AMBU-RED-LL-002-01 AirtableProdVar SKU: AMBU-RED-LL-001 PrismaProdVar SKU: AMBU-RED-LL-001
Physical Product SUID: AMBU-RED-SS-002-01 AirtableProdVar SKU: AMBU-RED-SS-001 PrismaProdVar SKU: AMBU-RED-SS-001
Physical Product SUID: MAHO-BWN-MM-001-01 AirtableProdVar SKU: MAHO-BWN-MM-001 PrismaProdVar SKU: MAHO-BWN-MM-001
Physical Product SUID: AMBU-RED-MM-002-01 AirtableProdVar SKU: AMBU-RED-MM-001 PrismaProdVar SKU: AMBU-RED-MM-001
Physical Product SUID: AMBU-BLU-LL-001-01 AirtableProdVar SKU: AMBU-BLU-LL-002 PrismaProdVar SKU: AMBU-BLU-LL-002
Physical Product SUID: AMBU-BLU-MM-001-01 AirtableProdVar SKU: AMBU-BLU-MM-002 PrismaProdVar SKU: AMBU-BLU-MM-002
Physical Product SUID: AMBU-BLU-SS-001-01 AirtableProdVar SKU: AMBU-BLU-SS-002 PrismaProdVar SKU: AMBU-BLU-SS-002
Physical Product SUID: CPFM-YLW-SS-001-01 AirtableProdVar SKU: CPFM-YLW-SS-001 PrismaProdVar SKU: CPFM-YLW-SS-001
Physical Product SUID: STUS-GRN-LL-002-01 AirtableProdVar SKU: STUS-GRN-LL-002 PrismaProdVar SKU: STUS-GRN-LL-002
Physical Product SUID: STUS-GRN-MM-002-01 AirtableProdVar SKU: STUS-GRN-MM-002 PrismaProdVar SKU: STUS-GRN-MM-002
Physical Product SUID: STUS-GRN-SS-002-01 AirtableProdVar SKU: STUS-GRN-SS-002 PrismaProdVar SKU: STUS-GRN-SS-002
Physical Product SUID: CPFM-YLW-MM-001-01 AirtableProdVar SKU: CPFM-YLW-MM-001 PrismaProdVar SKU: CPFM-YLW-MM-001
Physical Product SUID: CPFM-YLW-LL-001-01 AirtableProdVar SKU: CPFM-YLW-LL-001 PrismaProdVar SKU: CPFM-YLW-LL-001
Physical Product SUID: DVNN-BLU-LL-001-01 AirtableProdVar SKU: DVNN-BLU-LL-001 PrismaProdVar SKU: DVNN-BLU-LL-001
Physical Product SUID: DVNN-BLU-MM-001-01 AirtableProdVar SKU: DVNN-BLU-MM-001 PrismaProdVar SKU: DVNN-BLU-MM-001
Physical Product SUID: NORF-BWN-LL-001-01 AirtableProdVar SKU: NORF-BWN-LL-001 PrismaProdVar SKU: NORF-BWN-LL-001
Physical Product SUID: NORF-BWN-SS-001-01 AirtableProdVar SKU: NORF-BWN-SS-001 PrismaProdVar SKU: NORF-BWN-SS-001
Physical Product SUID: NORF-BWN-MM-001-01 AirtableProdVar SKU: NORF-BWN-MM-001 PrismaProdVar SKU: NORF-BWN-MM-001
Physical Product SUID: PLSR-GRN-MM-002-01 AirtableProdVar SKU: PLSR-GRN-MM-002 PrismaProdVar SKU: PLSR-GRN-MM-002
Physical Product SUID: PLSR-GRN-LL-002-01 AirtableProdVar SKU: PLSR-GRN-LL-002 PrismaProdVar SKU: PLSR-GRN-LL-002
Physical Product SUID: ONLY-BLU-MM-001-01 AirtableProdVar SKU: ONLY-BLU-MM-001 PrismaProdVar SKU: ONLY-BLU-MM-001
Physical Product SUID: ONLY-BLU-SS-001-01 AirtableProdVar SKU: ONLY-BLU-SS-001 PrismaProdVar SKU: ONLY-BLU-SS-001
Physical Product SUID: PLSR-GRN-XL-002-01 AirtableProdVar SKU: PLSR-GRN-XL-002 PrismaProdVar SKU: PLSR-GRN-XL-002
Physical Product SUID: BURB-ORG-MM-001-01 AirtableProdVar SKU: BURB-ORG-MM-001 PrismaProdVar SKU: BURB-ORG-MM-001
Physical Product SUID: BURB-ORG-LL-001-01 AirtableProdVar SKU: BURB-ORG-LL-001 PrismaProdVar SKU: BURB-ORG-LL-001
Physical Product SUID: ONLY-BLU-LL-001-01 AirtableProdVar SKU: ONLY-BLU-LL-001 PrismaProdVar SKU: ONLY-BLU-LL-001
Physical Product SUID: BURB-ORG-XS-001-01 AirtableProdVar SKU: BURB-ORG-XS-001 PrismaProdVar SKU: BURB-ORG-XS-001
Physical Product SUID: PSCO-GRN-LL-002-01 AirtableProdVar SKU: PSCO-GRN-LL-002 PrismaProdVar SKU: PSCO-GRN-LL-002
Physical Product SUID: PSCO-GRN-SS-002-01 AirtableProdVar SKU: PSCO-GRN-SS-002 PrismaProdVar SKU: PSCO-GRN-SS-002
Physical Product SUID: DVNN-BLU-MM-004-01 AirtableProdVar SKU: DVNN-BLU-MM-004 PrismaProdVar SKU: DVNN-BLU-MM-004
Physical Product SUID: PSCO-GRN-MM-002-01 AirtableProdVar SKU: PSCO-GRN-MM-002 PrismaProdVar SKU: PSCO-GRN-MM-002
Physical Product SUID: DVNN-BLU-SS-004-01 AirtableProdVar SKU: DVNN-BLU-SS-004 PrismaProdVar SKU: DVNN-BLU-SS-004
Physical Product SUID: OURL-ORG-SS-001-01 AirtableProdVar SKU: OURL-ORG-SS-001 PrismaProdVar SKU: OURL-ORG-SS-001
Physical Product SUID: OURL-ORG-LL-001-01 AirtableProdVar SKU: OURL-ORG-LL-001 PrismaProdVar SKU: OURL-ORG-LL-001
Physical Product SUID: OURL-ORG-MM-001-01 AirtableProdVar SKU: OURL-ORG-MM-001 PrismaProdVar SKU: OURL-ORG-MM-001
Physical Product SUID: PLSR-BWN-XL-001-01 AirtableProdVar SKU: PLSR-BWN-XL-001 PrismaProdVar SKU: PLSR-BWN-XL-001
Physical Product SUID: NOAH-BLK-SS-003-01 AirtableProdVar SKU: NOAH-BLK-SS-001 PrismaProdVar SKU: NOAH-BLK-SS-001
Physical Product SUID: PLSR-BWN-MM-001-01 AirtableProdVar SKU: PLSR-BWN-MM-001 PrismaProdVar SKU: PLSR-BWN-MM-001
Physical Product SUID: PLSR-BWN-LL-001-01 AirtableProdVar SKU: PLSR-BWN-LL-001 PrismaProdVar SKU: PLSR-BWN-LL-001
Physical Product SUID: WLRH-GRN-SS-001-01 AirtableProdVar SKU: WLRH-GRN-SS-001 PrismaProdVar SKU: WLRH-GRN-SS-001
Physical Product SUID: WLRH-GRN-MM-001-01 AirtableProdVar SKU: WLRH-GRN-MM-001 PrismaProdVar SKU: WLRH-GRN-MM-001
Physical Product SUID: NOAH-BLK-MM-003-01 AirtableProdVar SKU: NOAH-BLK-MM-001 PrismaProdVar SKU: NOAH-BLK-MM-001
Physical Product SUID: NOAH-BLK-LL-003-01 AirtableProdVar SKU: NOAH-BLK-LL-001 PrismaProdVar SKU: NOAH-BLK-LL-001
Physical Product SUID: WLRH-GRN-XS-001-01 AirtableProdVar SKU: WLRH-GRN-XS-001 PrismaProdVar SKU: WLRH-GRN-XS-001
Physical Product SUID: STIS-ORG-SS-006-01 AirtableProdVar SKU: STIS-ORG-SS-006 PrismaProdVar SKU: STIS-ORG-SS-006
Physical Product SUID: STIS-ORG-MM-006-01 AirtableProdVar SKU: STIS-ORG-MM-006 PrismaProdVar SKU: STIS-ORG-MM-006
Physical Product SUID: STIS-ORG-LL-006-01 AirtableProdVar SKU: STIS-ORG-LL-006 PrismaProdVar SKU: STIS-ORG-LL-006
Physical Product SUID: SNDO-RED-MM-003-01 AirtableProdVar SKU: SNDO-RED-MM-003 PrismaProdVar SKU: SNDO-RED-MM-003
Physical Product SUID: SNDO-RED-LL-003-01 AirtableProdVar SKU: SNDO-RED-LL-003 PrismaProdVar SKU: SNDO-RED-LL-003
Physical Product SUID: JISA-BWN-SS-001-01 AirtableProdVar SKU: JISA-BWN-SS-001 PrismaProdVar SKU: JISA-BWN-SS-001
Physical Product SUID: SNDO-RED-SS-003-01 AirtableProdVar SKU: SNDO-RED-SS-003 PrismaProdVar SKU: SNDO-RED-SS-003
Physical Product SUID: JISA-BWN-MM-001-01 AirtableProdVar SKU: JISA-BWN-MM-001 PrismaProdVar SKU: JISA-BWN-MM-001
Physical Product SUID: JISA-BWN-LL-001-01 AirtableProdVar SKU: JISA-BWN-LL-001 PrismaProdVar SKU: JISA-BWN-LL-001
Physical Product SUID: BABR-BLK-MM-002-01 AirtableProdVar SKU: BABR-BLK-MM-002 PrismaProdVar SKU: BABR-BLK-MM-002
Physical Product SUID: MKTS-GRY-LL-001-01 AirtableProdVar SKU: MKTS-GRY-LL-001 PrismaProdVar SKU: MKTS-GRY-LL-001
Physical Product SUID: BABR-BLK-LL-002-01 AirtableProdVar SKU: BABR-BLK-LL-002 PrismaProdVar SKU: BABR-BLK-LL-002
Physical Product SUID: MKTS-GRY-SS-001-01 AirtableProdVar SKU: MKTS-GRY-SS-001 PrismaProdVar SKU: MKTS-GRY-SS-001
Physical Product SUID: OFFW-GRY-LL-001-01 AirtableProdVar SKU: OFFW-GRY-LL-001 PrismaProdVar SKU: OFFW-GRY-LL-001
Physical Product SUID: MKTS-GRY-MM-001-01 AirtableProdVar SKU: MKTS-GRY-MM-001 PrismaProdVar SKU: MKTS-GRY-MM-001
Physical Product SUID: OFFW-GRY-SS-001-01 AirtableProdVar SKU: OFFW-GRY-SS-001 PrismaProdVar SKU: OFFW-GRY-SS-001
Physical Product SUID: OFFW-GRY-MM-001-01 AirtableProdVar SKU: OFFW-GRY-MM-001 PrismaProdVar SKU: OFFW-GRY-MM-001
Physical Product SUID: GUCC-BLK-LL-006-01 AirtableProdVar SKU: GUCC-BLK-LL-003 PrismaProdVar SKU: GUCC-BLK-LL-003
Physical Product SUID: GUCC-BLK-MM-006-01 AirtableProdVar SKU: GUCC-BLK-MM-003 PrismaProdVar SKU: GUCC-BLK-MM-003
Physical Product SUID: GUCC-BLK-SS-006-01 AirtableProdVar SKU: GUCC-BLK-SS-003 PrismaProdVar SKU: GUCC-BLK-SS-003
Physical Product SUID: STUS-PNK-SS-005-01 AirtableProdVar SKU: STUS-PNK-SS-005 PrismaProdVar SKU: STUS-PNK-SS-005
Physical Product SUID: STUS-PNK-LL-005-01 AirtableProdVar SKU: STUS-PNK-LL-005 PrismaProdVar SKU: STUS-PNK-LL-005
Physical Product SUID: STUS-PNK-MM-005-01 AirtableProdVar SKU: STUS-PNK-MM-005 PrismaProdVar SKU: STUS-PNK-MM-005
Physical Product SUID: ALST-BLK-LL-002-01 AirtableProdVar SKU: ALST-BLK-LL-002 PrismaProdVar SKU: ALST-BLK-LL-002
Physical Product SUID: ALST-BLK-MM-002-01 AirtableProdVar SKU: ALST-BLK-MM-002 PrismaProdVar SKU: ALST-BLK-MM-002
Physical Product SUID: ALST-BLK-LL-001-01 AirtableProdVar SKU: ALST-BLK-LL-001 PrismaProdVar SKU: ALST-BLK-LL-001
Physical Product SUID: ALST-BLK-MM-001-01 AirtableProdVar SKU: ALST-BLK-MM-001 PrismaProdVar SKU: ALST-BLK-MM-001
Physical Product SUID: ALST-BLK-SS-002-01 AirtableProdVar SKU: ALST-BLK-SS-002 PrismaProdVar SKU: ALST-BLK-SS-002
Physical Product SUID: ALDE-GRY-MM-003-01 AirtableProdVar SKU: ALDE-GRY-MM-003 PrismaProdVar SKU: ALDE-GRY-MM-003
Physical Product SUID: ALDE-GRY-LL-003-01 AirtableProdVar SKU: ALDE-GRY-LL-003 PrismaProdVar SKU: ALDE-GRY-LL-003
Physical Product SUID: ALST-BLK-SS-001-01 AirtableProdVar SKU: ALST-BLK-SS-001 PrismaProdVar SKU: ALST-BLK-SS-001
Physical Product SUID: ALDE-GRY-SS-003-01 AirtableProdVar SKU: ALDE-GRY-SS-003 PrismaProdVar SKU: ALDE-GRY-SS-003
Physical Product SUID: JNYA-GRN-LL-001-01 AirtableProdVar SKU: JNYA-GRN-LL-001 PrismaProdVar SKU: JNYA-GRN-LL-001
Physical Product SUID: JNYA-GRN-MM-001-01 AirtableProdVar SKU: JNYA-GRN-MM-001 PrismaProdVar SKU: JNYA-GRN-MM-001
Physical Product SUID: JNYA-GRN-SS-001-01 AirtableProdVar SKU: JNYA-GRN-SS-001 PrismaProdVar SKU: JNYA-GRN-SS-001
Physical Product SUID: CPFM-GRY-MM-003-01 AirtableProdVar SKU: CPFM-GRY-MM-003 PrismaProdVar SKU: CPFM-GRY-MM-003
Physical Product SUID: SDAY-GRN-LL-001-01 AirtableProdVar SKU: SDAY-GRN-LL-001 PrismaProdVar SKU: SDAY-GRN-LL-001
Physical Product SUID: SDAY-GRN-SS-001-01 AirtableProdVar SKU: SDAY-GRN-SS-001 PrismaProdVar SKU: SDAY-GRN-SS-001
Physical Product SUID: SDAY-GRN-MM-001-01 AirtableProdVar SKU: SDAY-GRN-MM-001 PrismaProdVar SKU: SDAY-GRN-MM-001
Physical Product SUID: SDAY-GRY-SS-002-01 AirtableProdVar SKU: SDAY-GRY-SS-002 PrismaProdVar SKU: SDAY-GRY-SS-002
Physical Product SUID: SDAY-GRY-MM-002-01 AirtableProdVar SKU: SDAY-GRY-MM-002 PrismaProdVar SKU: SDAY-GRY-MM-002
Physical Product SUID: SDAY-GRY-LL-002-01 AirtableProdVar SKU: SDAY-GRY-LL-002 PrismaProdVar SKU: SDAY-GRY-LL-002
Physical Product SUID: PMOS-RED-LL-002-01 AirtableProdVar SKU: PMOS-RED-LL-002 PrismaProdVar SKU: PMOS-RED-LL-002
Physical Product SUID: PMOS-RED-MM-002-01 AirtableProdVar SKU: PMOS-RED-MM-002 PrismaProdVar SKU: PMOS-RED-MM-002
Physical Product SUID: PMOS-RED-SS-002-01 AirtableProdVar SKU: PMOS-RED-SS-002 PrismaProdVar SKU: PMOS-RED-SS-002
Physical Product SUID: PMOS-BLK-LL-001-01 AirtableProdVar SKU: PMOS-BLK-LL-001 PrismaProdVar SKU: PMOS-BLK-LL-001
Physical Product SUID: PMOS-BLK-SS-001-01 AirtableProdVar SKU: PMOS-BLK-SS-001 PrismaProdVar SKU: PMOS-BLK-SS-001
Physical Product SUID: PMOS-BLK-MM-001-01 AirtableProdVar SKU: PMOS-BLK-MM-001 PrismaProdVar SKU: PMOS-BLK-MM-001
Physical Product SUID: STUS-BLU-LL-004-01 AirtableProdVar SKU: STUS-BLU-LL-004 PrismaProdVar SKU: STUS-BLU-LL-004
Physical Product SUID: STUS-BLU-MM-004-01 AirtableProdVar SKU: STUS-BLU-MM-004 PrismaProdVar SKU: STUS-BLU-MM-004
Physical Product SUID: STUS-BLU-SS-004-01 AirtableProdVar SKU: STUS-BLU-SS-004 PrismaProdVar SKU: STUS-BLU-SS-004
Physical Product SUID: STIS-BLU-LL-007-01 AirtableProdVar SKU: STIS-BLU-LL-007 PrismaProdVar SKU: STIS-BLU-LL-007
Physical Product SUID: STIS-BLU-MM-007-01 AirtableProdVar SKU: STIS-BLU-MM-007 PrismaProdVar SKU: STIS-BLU-MM-007
Physical Product SUID: OURL-GRN-LL-002-01 AirtableProdVar SKU: OURL-GRN-LL-002 PrismaProdVar SKU: OURL-GRN-LL-002
Physical Product SUID: OURL-GRN-SS-002-01 AirtableProdVar SKU: OURL-GRN-SS-002 PrismaProdVar SKU: OURL-GRN-SS-002
Physical Product SUID: OURL-GRN-MM-002-01 AirtableProdVar SKU: OURL-GRN-MM-002 PrismaProdVar SKU: OURL-GRN-MM-002
Physical Product SUID: CDGS-GRY-LL-004-01 AirtableProdVar SKU: CDGS-GRY-LL-004 PrismaProdVar SKU: CDGS-GRY-LL-004
Physical Product SUID: AMIR-BLU-MM-004-01 AirtableProdVar SKU: AMIR-BLU-MM-004 PrismaProdVar SKU: AMIR-BLU-MM-004
Physical Product SUID: AMIR-BLU-SS-004-01 AirtableProdVar SKU: AMIR-BLU-SS-004 PrismaProdVar SKU: AMIR-BLU-SS-004
Physical Product SUID: AMIR-BLU-LL-004-01 AirtableProdVar SKU: AMIR-BLU-LL-004 PrismaProdVar SKU: AMIR-BLU-LL-004
Physical Product SUID: CDGS-GRY-SS-004-01 AirtableProdVar SKU: CDGS-GRY-SS-004 PrismaProdVar SKU: CDGS-GRY-SS-004
Physical Product SUID: CDGS-GRY-MM-004-01 AirtableProdVar SKU: CDGS-GRY-MM-004 PrismaProdVar SKU: CDGS-GRY-MM-004
Physical Product SUID: CDGS-BLK-LL-003-01 AirtableProdVar SKU: CDGS-BLK-LL-003 PrismaProdVar SKU: CDGS-BLK-LL-003
Physical Product SUID: CDGS-BLK-MM-003-01 AirtableProdVar SKU: CDGS-BLK-MM-003 PrismaProdVar SKU: CDGS-BLK-MM-003
Physical Product SUID: CDGS-BLK-SS-003-01 AirtableProdVar SKU: CDGS-BLK-SS-003 PrismaProdVar SKU: CDGS-BLK-SS-003
Physical Product SUID: DUO-BLU-SS-002-01 AirtableProdVar SKU: DUO-BLU-SS-002 PrismaProdVar SKU: DUO-BLU-SS-002
Physical Product SUID: DUO-BLU-MM-002-01 AirtableProdVar SKU: DUO-BLU-MM-002 PrismaProdVar SKU: DUO-BLU-MM-002
Physical Product SUID: DUO-BLU-LL-002-01 AirtableProdVar SKU: DUO-BLU-LL-002 PrismaProdVar SKU: DUO-BLU-LL-002
Physical Product SUID: DUO-BLU-MM-001-01 AirtableProdVar SKU: DUO-BLU-MM-001 PrismaProdVar SKU: DUO-BLU-MM-001
Physical Product SUID: DUO-BLU-SS-001-01 AirtableProdVar SKU: DUO-BLU-SS-001 PrismaProdVar SKU: DUO-BLU-SS-001
Physical Product SUID: DUO-BLU-LL-001-01 AirtableProdVar SKU: DUO-BLU-LL-001 PrismaProdVar SKU: DUO-BLU-LL-001
Physical Product SUID: BTWL-WTE-SS-001-01 AirtableProdVar SKU: BTWL-WTE-SS-001 PrismaProdVar SKU: BTWL-WTE-SS-001
Physical Product SUID: BTWL-WTE-MM-001-01 AirtableProdVar SKU: BTWL-WTE-MM-001 PrismaProdVar SKU: BTWL-WTE-MM-001
Physical Product SUID: INVS-BLU-MM-001-01 AirtableProdVar SKU: INVS-BLU-MM-001 PrismaProdVar SKU: INVS-BLU-MM-001
Physical Product SUID: INVS-RED-LL-003-01 AirtableProdVar SKU: INVS-RED-LL-003 PrismaProdVar SKU: INVS-RED-LL-003
Physical Product SUID: INVS-RED-XL-003-01 AirtableProdVar SKU: INVS-RED-XL-003 PrismaProdVar SKU: INVS-RED-XL-003
Physical Product SUID: INVS-BLU-XL-001-01 AirtableProdVar SKU: INVS-BLU-XL-001 PrismaProdVar SKU: INVS-BLU-XL-001
Physical Product SUID: INVS-BLK-LL-002-01 AirtableProdVar SKU: INVS-BLK-LL-002 PrismaProdVar SKU: INVS-BLK-LL-002
Physical Product SUID: INVS-BLU-SS-001-01 AirtableProdVar SKU: INVS-BLU-SS-001 PrismaProdVar SKU: INVS-BLU-SS-001
Physical Product SUID: INVS-BLK-SS-002-01 AirtableProdVar SKU: INVS-BLK-SS-002 PrismaProdVar SKU: INVS-BLK-SS-002
Physical Product SUID: INVS-BLK-MM-002-01 AirtableProdVar SKU: INVS-BLK-MM-002 PrismaProdVar SKU: INVS-BLK-MM-002
Physical Product SUID: VLKR-GRY-SS-003-01 AirtableProdVar SKU: VLKR-GRY-SS-003 PrismaProdVar SKU: VLKR-GRY-SS-003
Physical Product SUID: VLKR-GRY-MM-003-01 AirtableProdVar SKU: VLKR-GRY-MM-003 PrismaProdVar SKU: VLKR-GRY-MM-003
Physical Product SUID: VLKR-GRY-MM-003-02 AirtableProdVar SKU: VLKR-GRY-MM-003 PrismaProdVar SKU: VLKR-GRY-MM-003
Physical Product SUID: VLKR-WTE-LL-001-01 AirtableProdVar SKU: VLKR-WTE-LL-001 PrismaProdVar SKU: VLKR-WTE-LL-001
Physical Product SUID: VLKR-WTE-MM-001-01 AirtableProdVar SKU: VLKR-WTE-MM-001 PrismaProdVar SKU: VLKR-WTE-MM-001
Physical Product SUID: VLKR-BWN-MM-002-02 AirtableProdVar SKU: VLKR-BWN-MM-002 PrismaProdVar SKU: VLKR-BWN-MM-002
Physical Product SUID: VLKR-BWN-SS-002-01 AirtableProdVar SKU: VLKR-BWN-SS-002 PrismaProdVar SKU: VLKR-BWN-SS-002
Physical Product SUID: VLKR-BWN-MM-002-01 AirtableProdVar SKU: VLKR-BWN-MM-002 PrismaProdVar SKU: VLKR-BWN-MM-002
Physical Product SUID: VLKR-WTE-SS-001-02 AirtableProdVar SKU: VLKR-WTE-SS-001 PrismaProdVar SKU: VLKR-WTE-SS-001
Physical Product SUID: VLKR-WTE-SS-001-01 AirtableProdVar SKU: VLKR-WTE-SS-001 PrismaProdVar SKU: VLKR-WTE-SS-001
Physical Product SUID: BTWL-WTE-LL-001-01 AirtableProdVar SKU: BTWL-WTE-LL-001 PrismaProdVar SKU: BTWL-WTE-LL-001
Physical Product SUID: MKTS-BLU-MM-002-01 AirtableProdVar SKU: MKTS-BLU-MM-002 PrismaProdVar SKU: MKTS-BLU-MM-002
Physical Product SUID: MKTS-BLU-LL-002-01 AirtableProdVar SKU: MKTS-BLU-LL-002 PrismaProdVar SKU: MKTS-BLU-LL-002
Physical Product SUID: ALST-BLK-MM-005-01 AirtableProdVar SKU: ALST-BLK-MM-005 PrismaProdVar SKU: ALST-BLK-MM-005
Physical Product SUID: ALST-BLK-LL-005-01 AirtableProdVar SKU: ALST-BLK-LL-005 PrismaProdVar SKU: ALST-BLK-LL-005
Physical Product SUID: ALST-BWN-LL-004-01 AirtableProdVar SKU: ALST-BLK-LL-004 PrismaProdVar SKU: ALST-BLK-LL-004
Physical Product SUID: ALST-BLK-XL-005-01 AirtableProdVar SKU: ALST-BLK-XL-005 PrismaProdVar SKU: ALST-BLK-XL-005
Physical Product SUID: ALST-BWN-XL-004-01 AirtableProdVar SKU: ALST-BLK-XL-004 PrismaProdVar SKU: ALST-BLK-XL-004
Physical Product SUID: ALST-BWN-MM-004-01 AirtableProdVar SKU: ALST-BLK-MM-004 PrismaProdVar SKU: ALST-BLK-MM-004
Physical Product SUID: ALST-BLK-XL-003-01 AirtableProdVar SKU: ALST-BLK-XL-003 PrismaProdVar SKU: ALST-BLK-XL-003
Physical Product SUID: ALST-BLK-LL-003-01 AirtableProdVar SKU: ALST-BLK-LL-003 PrismaProdVar SKU: ALST-BLK-LL-003
Physical Product SUID: ALST-BLK-MM-003-01 AirtableProdVar SKU: ALST-BLK-MM-003 PrismaProdVar SKU: ALST-BLK-MM-003
Physical Product SUID: Y3NY-WTE-MM-003-01 AirtableProdVar SKU: Y3NY-WTE-MM-003 PrismaProdVar SKU: Y3NY-WTE-MM-003
Physical Product SUID: Y3NY-WTE-LL-003-01 AirtableProdVar SKU: Y3NY-WTE-LL-003 PrismaProdVar SKU: Y3NY-WTE-LL-003
Physical Product SUID: Y3NY-WTE-SS-003-01 AirtableProdVar SKU: Y3NY-WTE-SS-003 PrismaProdVar SKU: Y3NY-WTE-SS-003
Physical Product SUID: Y3NY-BLK-LL-001-01 AirtableProdVar SKU: Y3NY-BLK-LL-001 PrismaProdVar SKU: Y3NY-BLK-LL-001
Physical Product SUID: Y3NY-BLK-SS-001-01 AirtableProdVar SKU: Y3NY-BLK-SS-001 PrismaProdVar SKU: Y3NY-BLK-SS-001
Physical Product SUID: Y3NY-BLK-MM-001-01 AirtableProdVar SKU: Y3NY-BLK-MM-001 PrismaProdVar SKU: Y3NY-BLK-MM-001
Physical Product SUID: KENZ-BLU-SS-002-01 AirtableProdVar SKU: KENZ-BLU-SS-002 PrismaProdVar SKU: KENZ-BLU-SS-002
Physical Product SUID: KENZ-BLU-LL-002-01 AirtableProdVar SKU: KENZ-BLU-LL-002 PrismaProdVar SKU: KENZ-BLU-LL-002
Physical Product SUID: KENZ-BLU-MM-002-01 AirtableProdVar SKU: KENZ-BLU-MM-002 PrismaProdVar SKU: KENZ-BLU-MM-002
Physical Product SUID: NOAH-BLK-LL-004-01 AirtableProdVar SKU: NOAH-BLK-LL-002 PrismaProdVar SKU: NOAH-BLK-LL-002
Physical Product SUID: NOAH-BLK-MM-004-01 AirtableProdVar SKU: NOAH-BLK-MM-002 PrismaProdVar SKU: NOAH-BLK-MM-002
Physical Product SUID: ENGM-GRN-MM-001-01 AirtableProdVar SKU: ENGM-GRN-MM-001 PrismaProdVar SKU: ENGM-GRN-MM-001
Physical Product SUID: NOAH-BLK-SS-004-01 AirtableProdVar SKU: NOAH-BLK-SS-002 PrismaProdVar SKU: NOAH-BLK-SS-002
Physical Product SUID: ENGM-GRN-LL-001-01 AirtableProdVar SKU: ENGM-GRN-LL-001 PrismaProdVar SKU: ENGM-GRN-LL-001
Physical Product SUID: ENGM-GRN-SS-001-01 AirtableProdVar SKU: ENGM-GRN-SS-001 PrismaProdVar SKU: ENGM-GRN-SS-001
Physical Product SUID: FOGD-PRP-LL-002-01 AirtableProdVar SKU: FOGD-PRP-LL-002 PrismaProdVar SKU: FOGD-PRP-LL-002
Physical Product SUID: FOGD-PRP-SS-002-01 AirtableProdVar SKU: FOGD-PRP-SS-002 PrismaProdVar SKU: FOGD-PRP-SS-002
Physical Product SUID: FOGD-PRP-MM-002-01 AirtableProdVar SKU: FOGD-PRP-MM-002 PrismaProdVar SKU: FOGD-PRP-MM-002
Physical Product SUID: JOEL-GRY-SS-006-01 AirtableProdVar SKU: JOEL-GRY-SS-006 PrismaProdVar SKU: JOEL-GRY-SS-006
Physical Product SUID: JOEL-GRY-MM-006-01 AirtableProdVar SKU: JOEL-GRY-MM-006 PrismaProdVar SKU: JOEL-GRY-MM-006
Physical Product SUID: JOEL-GRY-LL-006-01 AirtableProdVar SKU: JOEL-GRY-LL-006 PrismaProdVar SKU: JOEL-GRY-LL-006
Physical Product SUID: HEPR-YLW-SS-002-01 AirtableProdVar SKU: HEPR-YLW-SS-002 PrismaProdVar SKU: HEPR-YLW-SS-002
Physical Product SUID: FOGD-WTE-LL-001-01 AirtableProdVar SKU: FOGD-WTE-LL-001 PrismaProdVar SKU: FOGD-WTE-LL-001
Physical Product SUID: HEPR-YLW-MM-002-01 AirtableProdVar SKU: HEPR-YLW-MM-002 PrismaProdVar SKU: HEPR-YLW-MM-002
Physical Product SUID: HEPR-YLW-LL-002-01 AirtableProdVar SKU: HEPR-YLW-LL-002 PrismaProdVar SKU: HEPR-YLW-LL-002
Physical Product SUID: MONC-BLK-SS-002-01 AirtableProdVar SKU: MONC-BLK-SS-002 PrismaProdVar SKU: MONC-BLK-SS-002
Physical Product SUID: MONC-BLK-MM-002-01 AirtableProdVar SKU: MONC-BLK-MM-002 PrismaProdVar SKU: MONC-BLK-MM-002
Physical Product SUID: MONC-BLK-LL-002-01 AirtableProdVar SKU: MONC-BLK-LL-002 PrismaProdVar SKU: MONC-BLK-LL-002
Physical Product SUID: RHUD-BLK-SS-001-01 AirtableProdVar SKU: RHUD-BLK-SS-001 PrismaProdVar SKU: RHUD-BLK-SS-001
Physical Product SUID: RHUD-BLK-LL-001-01 AirtableProdVar SKU: RHUD-BLK-LL-001 PrismaProdVar SKU: RHUD-BLK-LL-001
Physical Product SUID: RHUD-BLK-MM-001-01 AirtableProdVar SKU: RHUD-BLK-MM-001 PrismaProdVar SKU: RHUD-BLK-MM-001
Physical Product SUID: RHUD-GRN-MM-003-01 AirtableProdVar SKU: RHUD-GRN-MM-003 PrismaProdVar SKU: RHUD-GRN-MM-003
Physical Product SUID: RHUD-GRN-LL-003-01 AirtableProdVar SKU: RHUD-GRN-LL-003 PrismaProdVar SKU: RHUD-GRN-LL-003
Physical Product SUID: STIS-BLK-SS-008-01 AirtableProdVar SKU: STIS-BLK-SS-008 PrismaProdVar SKU: STIS-BLK-SS-008
Physical Product SUID: STIS-BLK-LL-008-01 AirtableProdVar SKU: STIS-BLK-LL-008 PrismaProdVar SKU: STIS-BLK-LL-008
Physical Product SUID: STIS-BLK-MM-008-01 AirtableProdVar SKU: STIS-BLK-MM-008 PrismaProdVar SKU: STIS-BLK-MM-008
Physical Product SUID: HEPR-ORG-SS-003-01 AirtableProdVar SKU: HEPR-ORG-SS-003 PrismaProdVar SKU: HEPR-ORG-SS-003
Physical Product SUID: HEPR-ORG-MM-003-01 AirtableProdVar SKU: HEPR-ORG-MM-003 PrismaProdVar SKU: HEPR-ORG-MM-003
Physical Product SUID: HEPR-ORG-LL-003-01 AirtableProdVar SKU: HEPR-ORG-LL-003 PrismaProdVar SKU: HEPR-ORG-LL-003
Physical Product SUID: STIS-ORG-MM-009-01 AirtableProdVar SKU: STIS-ORG-MM-009 PrismaProdVar SKU: STIS-ORG-MM-009
Physical Product SUID: STIS-ORG-LL-009-01 AirtableProdVar SKU: STIS-ORG-LL-009 PrismaProdVar SKU: STIS-ORG-LL-009
Physical Product SUID: STIS-ORG-SS-009-01 AirtableProdVar SKU: STIS-ORG-SS-009 PrismaProdVar SKU: STIS-ORG-SS-009
Physical Product SUID: BURB-BWN-SS-002-01 AirtableProdVar SKU: BURB-BWN-SS-002 PrismaProdVar SKU: BURB-BWN-SS-002
Physical Product SUID: BURB-BWN-MM-002-01 AirtableProdVar SKU: BURB-BWN-MM-002 PrismaProdVar SKU: BURB-BWN-MM-002
Physical Product SUID: BURB-BWN-LL-002-01 AirtableProdVar SKU: BURB-BWN-LL-002 PrismaProdVar SKU: BURB-BWN-LL-002
Physical Product SUID: MTRO-PRP-MM-002-01 AirtableProdVar SKU: MTRO-PRP-MM-002 PrismaProdVar SKU: MTRO-PRP-MM-002
Physical Product SUID: MTRO-PRP-LL-002-01 AirtableProdVar SKU: MTRO-PRP-LL-002 PrismaProdVar SKU: MTRO-PRP-LL-002
Physical Product SUID: MTRO-PRP-SS-002-01 AirtableProdVar SKU: MTRO-PRP-SS-002 PrismaProdVar SKU: MTRO-PRP-SS-002
Physical Product SUID: AMIR-WTE-SS-006-01 AirtableProdVar SKU: AMIR-WTE-SS-006 PrismaProdVar SKU: AMIR-WTE-SS-006
Physical Product SUID: AMIR-BLU-LL-005-01 AirtableProdVar SKU: AMIR-BLU-LL-005 PrismaProdVar SKU: AMIR-BLU-LL-005
Physical Product SUID: AMIR-BLU-MM-005-01 AirtableProdVar SKU: AMIR-BLU-MM-005 PrismaProdVar SKU: AMIR-BLU-MM-005
Physical Product SUID: AMIR-WTE-LL-006-01 AirtableProdVar SKU: AMIR-WTE-LL-006 PrismaProdVar SKU: AMIR-WTE-LL-006
Physical Product SUID: AMIR-WTE-MM-006-01 AirtableProdVar SKU: AMIR-WTE-MM-006 PrismaProdVar SKU: AMIR-WTE-MM-006
Physical Product SUID: NIKE-BLU-LL-001-01 AirtableProdVar SKU: NIKE-BLU-LL-001 PrismaProdVar SKU: NIKE-BLU-LL-001
Physical Product SUID: JNYA-RED-MM-002-01 AirtableProdVar SKU: JNYA-RED-MM-002 PrismaProdVar SKU: JNYA-RED-MM-002
Physical Product SUID: JNYA-RED-LL-002-01 AirtableProdVar SKU: JNYA-RED-LL-002 PrismaProdVar SKU: JNYA-RED-LL-002
Physical Product SUID: STIS-GRN-SS-011-01 AirtableProdVar SKU: STIS-GRN-SS-011 PrismaProdVar SKU: STIS-GRN-SS-011
Physical Product SUID: STIS-GRN-MM-011-01 AirtableProdVar SKU: STIS-GRN-MM-011 PrismaProdVar SKU: STIS-GRN-MM-011
Physical Product SUID: STIS-GRN-LL-011-01 AirtableProdVar SKU: STIS-GRN-LL-011 PrismaProdVar SKU: STIS-GRN-LL-011
Physical Product SUID: STIS-GRN-XL-011-01 AirtableProdVar SKU: STIS-GRN-XL-011 PrismaProdVar SKU: STIS-GRN-XL-011
Physical Product SUID: DVNN-BLU-MM-005-01 AirtableProdVar SKU: DVNN-BLU-MM-005 PrismaProdVar SKU: DVNN-BLU-MM-005
Physical Product SUID: DVNN-BLU-LL-005-01 AirtableProdVar SKU: DVNN-BLU-LL-005 PrismaProdVar SKU: DVNN-BLU-LL-005
Physical Product SUID: DVNN-BLU-MM-006-01 AirtableProdVar SKU: DVNN-BLU-MM-006 PrismaProdVar SKU: DVNN-BLU-MM-006
Physical Product SUID: DVNN-BLU-LL-006-01 AirtableProdVar SKU: DVNN-BLU-LL-006 PrismaProdVar SKU: DVNN-BLU-LL-006
Physical Product SUID: DVNN-BLU-XL-006-01 AirtableProdVar SKU: DVNN-BLU-XL-006 PrismaProdVar SKU: DVNN-BLU-XL-006
Physical Product SUID: ALDE-YLW-SS-004-01 AirtableProdVar SKU: ALDE-YLW-SS-004 PrismaProdVar SKU: ALDE-YLW-SS-004
Physical Product SUID: ALDE-YLW-MM-004-01 AirtableProdVar SKU: ALDE-YLW-MM-004 PrismaProdVar SKU: ALDE-YLW-MM-004
Physical Product SUID: ALDE-YLW-LL-004-01 AirtableProdVar SKU: ALDE-YLW-LL-004 PrismaProdVar SKU: ALDE-YLW-LL-004
Physical Product SUID: ALDE-BLK-SS-005-01 AirtableProdVar SKU: ALDE-BLK-SS-005 PrismaProdVar SKU: ALDE-BLK-SS-005
Physical Product SUID: ALDE-BLK-MM-005-01 AirtableProdVar SKU: ALDE-BLK-MM-005 PrismaProdVar SKU: ALDE-BLK-MM-005
Physical Product SUID: ALDE-BLK-LL-005-01 AirtableProdVar SKU: ALDE-BLK-LL-005 PrismaProdVar SKU: ALDE-BLK-LL-005
Physical Product SUID: LANY-BWN-SS-001-01 AirtableProdVar SKU: LANY-BWN-SS-001 PrismaProdVar SKU: LANY-BWN-SS-001
Physical Product SUID: LANY-BWN-MM-001-01 AirtableProdVar SKU: LANY-BWN-MM-001 PrismaProdVar SKU: LANY-BWN-MM-001
Physical Product SUID: LANY-BWN-LL-001-01 AirtableProdVar SKU: LANY-BWN-LL-001 PrismaProdVar SKU: LANY-BWN-LL-001
Physical Product SUID: LANY-BLK-SS-002-01 AirtableProdVar SKU: LANY-BLK-SS-002 PrismaProdVar SKU: LANY-BLK-SS-002
Physical Product SUID: LANY-BLK-MM-002-01 AirtableProdVar SKU: LANY-BLK-MM-002 PrismaProdVar SKU: LANY-BLK-MM-002
Physical Product SUID: LANY-BLK-LL-002-01 AirtableProdVar SKU: LANY-BLK-LL-002 PrismaProdVar SKU: LANY-BLK-LL-002
Physical Product SUID: LANY-YLW-SS-003-01 AirtableProdVar SKU: LANY-YLW-SS-003 PrismaProdVar SKU: LANY-YLW-SS-003
Physical Product SUID: LANY-YLW-MM-003-01 AirtableProdVar SKU: LANY-YLW-MM-003 PrismaProdVar SKU: LANY-YLW-MM-003
Physical Product SUID: LANY-YLW-LL-003-01 AirtableProdVar SKU: LANY-YLW-LL-003 PrismaProdVar SKU: LANY-YLW-LL-003
*** MISALIGNED ***
Physical Product SUID: SCAI-BLU-LL-004-01 AirtableProdVar SKU: SCAI-BLU-LL-001 PrismaProdVar SKU: SCAI-BLU-LL-003
Physical Product SUID: SCAI-BLU-MM-004-01 AirtableProdVar SKU: SCAI-BLU-MM-001 PrismaProdVar SKU: SCAI-BLU-MM-003
Physical Product SUID: SCAI-BLU-SS-004-01 AirtableProdVar SKU: SCAI-BLU-SS-001 PrismaProdVar SKU: SCAI-BLU-SS-003
Physical Product SUID: PRDA-PNK-SS-002-01 AirtableProdVar SKU: PRDA-PNK-MM-001 PrismaProdVar SKU: PRDA-PNK-MM-002
Physical Product SUID: PRDA-PNK-MM-002-01 AirtableProdVar SKU: PRDA-PNK-LL-001 PrismaProdVar SKU: PRDA-PNK-LL-002
Physical Product SUID: CDGS-BLK-SS-007-01 AirtableProdVar SKU: CDGS-BLK-SS-005 PrismaProdVar SKU: CDGS-BLK-SS-007
Physical Product SUID: CDGS-BLK-MM-007-01 AirtableProdVar SKU: CDGS-BLK-MM-005 PrismaProdVar SKU: CDGS-BLK-MM-007
Physical Product SUID: CDGS-BLK-LL-007-01 AirtableProdVar SKU: CDGS-BLK-LL-005 PrismaProdVar SKU: CDGS-BLK-LL-007
Physical Product SUID: CDGS-BLK-MM-008-01 AirtableProdVar SKU: CDGS-BLK-MM-006 PrismaProdVar SKU: CDGS-BLK-MM-008
Physical Product SUID: CDGS-BLK-LL-008-01 AirtableProdVar SKU: CDGS-BLK-LL-006 PrismaProdVar SKU: CDGS-BLK-LL-008
Physical Product SUID: CDGS-BLK-SS-008-01 AirtableProdVar SKU: CDGS-BLK-SS-006 PrismaProdVar SKU: CDGS-BLK-SS-008
Physical Product SUID: CDGS-BLU-MM-009-01 AirtableProdVar SKU: CDGS-BLU-MM-007 PrismaProdVar SKU: CDGS-BLU-MM-009
Physical Product SUID: CDGS-BLU-LL-009-01 AirtableProdVar SKU: CDGS-BLU-LL-007 PrismaProdVar SKU: CDGS-BLU-LL-009
Physical Product SUID: CDGS-BLU-SS-009-01 AirtableProdVar SKU: CDGS-BLU-SS-007 PrismaProdVar SKU: CDGS-BLU-SS-009
Physical Product SUID: CDGS-GRN-LL-010-01 AirtableProdVar SKU: CDGS-GRN-LL-008 PrismaProdVar SKU: CDGS-GRN-LL-010
Physical Product SUID: CDGS-BWN-SS-011-01 AirtableProdVar SKU: CDGS-BWN-SS-009 PrismaProdVar SKU: CDGS-BWN-SS-011
Physical Product SUID: CDGS-BWN-MM-011-01 AirtableProdVar SKU: CDGS-BWN-MM-009 PrismaProdVar SKU: CDGS-BWN-MM-011
Physical Product SUID: CDGS-BWN-LL-011-01 AirtableProdVar SKU: CDGS-BWN-LL-009 PrismaProdVar SKU: CDGS-BWN-LL-011
Physical Product SUID: CDGS-GRN-SS-010-01 AirtableProdVar SKU: CDGS-GRN-SS-008 PrismaProdVar SKU: CDGS-GRN-SS-010
Physical Product SUID: CDGS-GRN-MM-010-01 AirtableProdVar SKU: CDGS-GRN-MM-008 PrismaProdVar SKU: CDGS-GRN-MM-010
Physical Product SUID: CAVE-ORG-LL-006-01 AirtableProdVar SKU: CAVE-ORG-LL-005 PrismaProdVar SKU: CAVE-ORG-LL-006
Physical Product SUID: ACNE-BWN-LL-011-01 AirtableProdVar SKU: ACNE-BWN-LL-005 PrismaProdVar SKU: ACNE-BWN-LL-008
Physical Product SUID: CAVE-ORG-SS-006-01 AirtableProdVar SKU: CAVE-ORG-SS-005 PrismaProdVar SKU: CAVE-ORG-SS-006
Physical Product SUID: CAVE-ORG-MM-006-01 AirtableProdVar SKU: CAVE-ORG-MM-005 PrismaProdVar SKU: CAVE-ORG-MM-006
Physical Product SUID: ACNE-BWN-MM-011-01 AirtableProdVar SKU: ACNE-BWN-MM-005 PrismaProdVar SKU: ACNE-BWN-MM-008
Physical Product SUID: LEVI-BLU-LL-008-01 AirtableProdVar SKU: LEVI-BLU-LL-004 PrismaProdVar SKU: LEVI-BLU-LL-008
Physical Product SUID: ACNE-BWN-SS-011-01 AirtableProdVar SKU: ACNE-BWN-SS-005 PrismaProdVar SKU: ACNE-BWN-SS-008
Physical Product SUID: LEVI-BLU-LL-007-01 AirtableProdVar SKU: LEVI-BLU-LL-003 PrismaProdVar SKU: LEVI-BLU-LL-007
Physical Product SUID: LEVI-BLU-MM-008-01 AirtableProdVar SKU: LEVI-BLU-MM-004 PrismaProdVar SKU: LEVI-BLU-MM-008
Physical Product SUID: LEVI-BLU-SS-008-01 AirtableProdVar SKU: LEVI-BLU-SS-004 PrismaProdVar SKU: LEVI-BLU-SS-008
Physical Product SUID: LEVI-BLU-SS-007-01 AirtableProdVar SKU: LEVI-BLU-SS-003 PrismaProdVar SKU: LEVI-BLU-SS-007
Physical Product SUID: LEVI-BLU-MM-007-01 AirtableProdVar SKU: LEVI-BLU-MM-003 PrismaProdVar SKU: LEVI-BLU-MM-007
Physical Product SUID: LEVI-RED-LL-006-01 AirtableProdVar SKU: LEVI-RED-LL-002 PrismaProdVar SKU: LEVI-RED-LL-006
Physical Product SUID: LEVI-RED-MM-006-01 AirtableProdVar SKU: LEVI-RED-MM-002 PrismaProdVar SKU: LEVI-RED-MM-006
Physical Product SUID: LEVI-RED-SS-006-01 AirtableProdVar SKU: LEVI-RED-SS-002 PrismaProdVar SKU: LEVI-RED-SS-006
Physical Product SUID: LEVI-BLK-LL-003-01 AirtableProdVar SKU: LEVI-BLK-LL-001 PrismaProdVar SKU: LEVI-BLK-LL-003
Physical Product SUID: LEVI-BLK-MM-003-01 AirtableProdVar SKU: LEVI-BLK-MM-001 PrismaProdVar SKU: LEVI-BLK-MM-003
Physical Product SUID: LEVI-BLK-SS-003-01 AirtableProdVar SKU: LEVI-BLK-SS-001 PrismaProdVar SKU: LEVI-BLK-SS-003
Physical Product SUID: CARH-GRN-LL-007-01 AirtableProdVar SKU: CARH-GRN-LL-002 PrismaProdVar SKU: CARH-GRN-LL-006
Physical Product SUID: CARH-GRN-MM-007-01 AirtableProdVar SKU: CARH-GRN-MM-002 PrismaProdVar SKU: CARH-GRN-MM-006
Physical Product SUID: CARH-GRN-SS-007-01 AirtableProdVar SKU: CARH-GRN-SS-002 PrismaProdVar SKU: CARH-GRN-SS-006
Physical Product SUID: CARH-BLK-MM-006-01 AirtableProdVar SKU: CARH-BLK-MM-001 PrismaProdVar SKU: CARH-BLK-MM-005
Physical Product SUID: CARH-BLK-LL-006-01 AirtableProdVar SKU: CARH-BLK-LL-001 PrismaProdVar SKU: CARH-BLK-LL-005
Physical Product SUID: CARH-BLK-SS-006-01 AirtableProdVar SKU: CARH-BLK-SS-001 PrismaProdVar SKU: CARH-BLK-SS-005
Physical Product SUID: ACNE-BLU-MM-015-01 AirtableProdVar SKU: ACNE-BLU-MM-009 PrismaProdVar SKU: ACNE-BLU-MM-012
Physical Product SUID: ACNE-BLU-LL-015-01 AirtableProdVar SKU: ACNE-BLU-LL-009 PrismaProdVar SKU: ACNE-BLU-LL-012
Physical Product SUID: ACNE-BLU-SS-015-01 AirtableProdVar SKU: ACNE-BLU-SS-009 PrismaProdVar SKU: ACNE-BLU-SS-012
Physical Product SUID: ACNE-BLK-LL-014-01 AirtableProdVar SKU: ACNE-BLK-LL-008 PrismaProdVar SKU: ACNE-BLK-LL-011
Physical Product SUID: ACNE-BLK-SS-014-01 AirtableProdVar SKU: ACNE-BLK-SS-008 PrismaProdVar SKU: ACNE-BLK-SS-011
Physical Product SUID: ACNE-BLK-MM-014-01 AirtableProdVar SKU: ACNE-BLK-MM-008 PrismaProdVar SKU: ACNE-BLK-MM-011
Physical Product SUID: ACNE-PRP-LL-013-01 AirtableProdVar SKU: ACNE-PRP-LL-007 PrismaProdVar SKU: ACNE-PRP-LL-010
Physical Product SUID: ACNE-PRP-MM-013-01 AirtableProdVar SKU: ACNE-PRP-MM-007 PrismaProdVar SKU: ACNE-PRP-MM-010
Physical Product SUID: PRDA-BLU-LL-004-01 AirtableProdVar SKU: PRDA-BLU-LL-002 PrismaProdVar SKU: PRDA-BLU-LL-004
Physical Product SUID: ACNE-PRP-SS-013-01 AirtableProdVar SKU: ACNE-PRP-SS-007 PrismaProdVar SKU: ACNE-PRP-SS-010
Physical Product SUID: PRDA-BLU-SS-004-01 AirtableProdVar SKU: PRDA-BLU-SS-002 PrismaProdVar SKU: PRDA-BLU-SS-004
Physical Product SUID: PRDA-BLU-MM-004-01 AirtableProdVar SKU: PRDA-BLU-MM-002 PrismaProdVar SKU: PRDA-BLU-MM-004
Physical Product SUID: SCAI-BWN-LL-006-01 AirtableProdVar SKU: SCAI-BWN-LL-002 PrismaProdVar SKU: SCAI-BWN-LL-004
Physical Product SUID: SCAI-BWN-SS-006-01 AirtableProdVar SKU: SCAI-BWN-SS-002 PrismaProdVar SKU: SCAI-BWN-SS-004
Physical Product SUID: SCAI-BWN-MM-006-01 AirtableProdVar SKU: SCAI-BWN-MM-002 PrismaProdVar SKU: SCAI-BWN-MM-004
Physical Product SUID: ACNE-GRN-LL-009-01 AirtableProdVar SKU: ACNE-GRN-LL-006 PrismaProdVar SKU: ACNE-GRN-LL-009
Physical Product SUID: ACNE-YLW-SS-013-01 AirtableProdVar SKU: ACNE-YLW-SS-010 PrismaProdVar SKU: ACNE-YLW-SS-013
Physical Product SUID: ACNE-YLW-LL-013-01 AirtableProdVar SKU: ACNE-YLW-LL-010 PrismaProdVar SKU: ACNE-YLW-LL-013
Physical Product SUID: ACNE-YLW-MM-013-01 AirtableProdVar SKU: ACNE-YLW-MM-010 PrismaProdVar SKU: ACNE-YLW-MM-013
Physical Product SUID: SCAI-GRN-MM-005-01 AirtableProdVar SKU: SCAI-GRN-MM-003 PrismaProdVar SKU: SCAI-GRN-MM-005
Physical Product SUID: SCAI-GRN-LL-005-01 AirtableProdVar SKU: SCAI-GRN-LL-003 PrismaProdVar SKU: SCAI-GRN-LL-005
Physical Product SUID: SCAI-GRN-SS-005-01 AirtableProdVar SKU: SCAI-GRN-SS-003 PrismaProdVar SKU: SCAI-GRN-SS-005
Physical Product SUID: SCAI-BWN-LL-007-01 AirtableProdVar SKU: SCAI-BWN-LL-004 PrismaProdVar SKU: SCAI-BWN-LL-007
Physical Product SUID: SCAI-BWN-MM-007-01 AirtableProdVar SKU: SCAI-BWN-MM-004 PrismaProdVar SKU: SCAI-BWN-MM-007
*** PHYSICAL PRODUCTS IN AIRTABLE BUT NOT PRISMA ***
Physical Product SUID: HEVO-RED-SS-001-01
Physical Product SUID: HEVO-RED-LL-001-01
Physical Product SUID: HEVO-RED-MM-001-01
Physical Product SUID: RHUD-GRY-MM-002-01
Physical Product SUID: RHUD-GRY-XL-002-01
Physical Product SUID: RHUD-GRY-LL-002-01
Physical Product SUID: STIS-BLU-SS-007-01
Physical Product SUID: GUCC-BLK-MM-001-01
Physical Product SUID: JOEL-BLK-MM-001-01
Physical Product SUID: JOEL-BLK-LL-001-01
Physical Product SUID: CDGS-BLU-XL-009-01
Physical Product SUID: CDGS-BLK-XL-008-01
Physical Product SUID: CDGS-GRN-XL-010-01
Physical Product SUID: BRDE-GRN-MM-001-01
Physical Product SUID: BRDE-GRN-LL-001-01
Physical Product SUID: BRDE-GRN-SS-001-01
Physical Product SUID: BRDE-BLU-MM-002-01
Physical Product SUID: BRDE-BLU-LL-002-01
Physical Product SUID: BRDE-BLU-SS-002-01
Physical Product SUID: HEPR-WTE-LL-001-02
Physical Product SUID: BRDE-YLW-LL-003-01
Physical Product SUID: BRDE-YLW-SS-003-01
Physical Product SUID: BRDE-WTE-MM-004-01
Physical Product SUID: BRDE-WTE-SS-004-01
Physical Product SUID: BRDE-WTE-LL-004-01
Physical Product SUID: HEPR-WTE-SS-001-02
Physical Product SUID: PLSR-RED-SS-004-02
Physical Product SUID: HEPR-WTE-XL-001-01
Physical Product SUID: NIKE-BLU-MM-001-01
Physical Product SUID: PRDA-BLU-XL-002-01
Physical Product SUID: CAVE-BLK-SS-006-01
Physical Product SUID: CAVE-BLK-MM-006-01
Physical Product SUID: CAVE-BLK-LL-006-01
Physical Product SUID: CAVE-RED-SS-007-01
Physical Product SUID: CAVE-RED-MM-007-01
Physical Product SUID: CAVE-RED-LL-007-01
Physical Product SUID: CAVE-RED-XL-007-01
Physical Product SUID: PRDA-GRN-SS-003-01
Physical Product SUID: PRDA-GRN-MM-003-01
Physical Product SUID: PRDA-GRN-LL-003-01
Physical Product SUID: PRDA-GRN-XL-003-01
*** ERRORS ***
