*** TOTAL RECORDS UPDATED: 132
. TOTAL ALIGNED: 119. TOTAL MISALIGNED: 13. TOTAL IN AIRTABLE BUT NOT PRISMA: 0. TOTAL ERRORS: 0
*** ALIGNED ***
Physical Product SUID: CPFM-GRN-LL-002-02 AirtableProdVar SKU: CPFM-GRN-LL-002 PrismaProdVar SKU: CPFM-GRN-LL-002
Physical Product SUID: CPFM-GRN-LL-002-01 AirtableProdVar SKU: CPFM-GRN-LL-002 PrismaProdVar SKU: CPFM-GRN-LL-002
Physical Product SUID: JOEL-WTE-SS-004-01 AirtableProdVar SKU: JOEL-WTE-SS-003 PrismaProdVar SKU: JOEL-WTE-SS-003
Physical Product SUID: JOEL-WTE-MM-004-01 AirtableProdVar SKU: JOEL-WTE-MM-003 PrismaProdVar SKU: JOEL-WTE-MM-003
Physical Product SUID: CPFM-GRN-SS-002-01 AirtableProdVar SKU: CPFM-GRN-SS-002 PrismaProdVar SKU: CPFM-GRN-SS-002
Physical Product SUID: JOEL-WTE-LL-004-01 AirtableProdVar SKU: JOEL-WTE-LL-003 PrismaProdVar SKU: JOEL-WTE-LL-003
Physical Product SUID: MOMA-BLU-LL-001-01 AirtableProdVar SKU: MOMA-BLU-LL-001 PrismaProdVar SKU: MOMA-BLU-LL-001
Physical Product SUID: YZY-BLK-LL-002-01 AirtableProdVar SKU: YZY-BLK-LL-002 PrismaProdVar SKU: YZY-BLK-LL-002
Physical Product SUID: YZY-BLK-LL-002-02 AirtableProdVar SKU: YZY-BLK-LL-002 PrismaProdVar SKU: YZY-BLK-LL-002
Physical Product SUID: PSCO-PRP-MM-001-01 AirtableProdVar SKU: PSCO-PRP-MM-001 PrismaProdVar SKU: PSCO-PRP-MM-001
Physical Product SUID: GUCC-BLK-LL-002-01 AirtableProdVar SKU: GUCC-BLK-LL-001 PrismaProdVar SKU: GUCC-BLK-LL-001
Physical Product SUID: GUCC-BLK-SS-002-01 AirtableProdVar SKU: GUCC-BLK-SS-001 PrismaProdVar SKU: GUCC-BLK-SS-001
Physical Product SUID: AMIR-BLU-MM-002-01 AirtableProdVar SKU: AMIR-BLU-MM-002 PrismaProdVar SKU: AMIR-BLU-MM-002
Physical Product SUID: AMIR-BLU-LL-002-01 AirtableProdVar SKU: AMIR-BLU-LL-002 PrismaProdVar SKU: AMIR-BLU-LL-002
Physical Product SUID: DUVE-BLU-SS-001-01 AirtableProdVar SKU: DUVE-BLU-SS-001 PrismaProdVar SKU: DUVE-BLU-SS-001
Physical Product SUID: AMBU-ORG-LL-003-01 AirtableProdVar SKU: AMBU-ORG-LL-003 PrismaProdVar SKU: AMBU-ORG-LL-003
Physical Product SUID: PLTO-GRY-MM-001-01 AirtableProdVar SKU: PLTO-GRY-MM-001 PrismaProdVar SKU: PLTO-GRY-MM-001
Physical Product SUID: STIS-BLK-LL-005-01 AirtableProdVar SKU: STIS-BLK-LL-005 PrismaProdVar SKU: STIS-BLK-LL-005
Physical Product SUID: STIS-BLK-SS-005-01 AirtableProdVar SKU: STIS-BLK-SS-005 PrismaProdVar SKU: STIS-BLK-SS-005
Physical Product SUID: STIS-BLK-MM-005-01 AirtableProdVar SKU: STIS-BLK-MM-005 PrismaProdVar SKU: STIS-BLK-MM-005
Physical Product SUID: Y3NY-BLK-SS-002-01 AirtableProdVar SKU: Y3NY-BLK-SS-002 PrismaProdVar SKU: Y3NY-BLK-SS-002
Physical Product SUID: Y3NY-BLK-LL-002-01 AirtableProdVar SKU: Y3NY-BLK-LL-002 PrismaProdVar SKU: Y3NY-BLK-LL-002
Physical Product SUID: Y3NY-BLK-MM-002-01 AirtableProdVar SKU: Y3NY-BLK-MM-002 PrismaProdVar SKU: Y3NY-BLK-MM-002
Physical Product SUID: ACNE-BLK-MM-003-01 AirtableProdVar SKU: ACNE-BLK-MM-003 PrismaProdVar SKU: ACNE-BLK-MM-003
Physical Product SUID: ACNE-PNK-SS-004-01 AirtableProdVar SKU: ACNE-PNK-SS-004 PrismaProdVar SKU: ACNE-PNK-SS-004
Physical Product SUID: SNDO-GRY-MM-001-01 AirtableProdVar SKU: SNDO-GRY-MM-001 PrismaProdVar SKU: SNDO-GRY-MM-001
Physical Product SUID: BLRS-BWN-LL-001-01 AirtableProdVar SKU: BLRS-BWN-LL-001 PrismaProdVar SKU: BLRS-BWN-LL-001
Physical Product SUID: MONC-BLU-SS-001-01 AirtableProdVar SKU: MONC-BLU-SS-001 PrismaProdVar SKU: MONC-BLU-SS-001
Physical Product SUID: MONC-BLU-MM-001-01 AirtableProdVar SKU: MONC-BLU-MM-001 PrismaProdVar SKU: MONC-BLU-MM-001
Physical Product SUID: ALDE-GRN-MM-002-01 AirtableProdVar SKU: ALDE-GRN-MM-002 PrismaProdVar SKU: ALDE-GRN-MM-002
Physical Product SUID: ALDE-GRN-LL-002-01 AirtableProdVar SKU: ALDE-GRN-LL-002 PrismaProdVar SKU: ALDE-GRN-LL-002
Physical Product SUID: STIS-GRN-MM-002-01 AirtableProdVar SKU: STIS-GRN-MM-002 PrismaProdVar SKU: STIS-GRN-MM-002
Physical Product SUID: STIS-BLK-MM-003-01 AirtableProdVar SKU: STIS-BLK-MM-003 PrismaProdVar SKU: STIS-BLK-MM-003
Physical Product SUID: CDGS-WTE-LL-002-01 AirtableProdVar SKU: CDGS-WTE-LL-002 PrismaProdVar SKU: CDGS-WTE-LL-002
Physical Product SUID: CAVE-GRN-MM-001-01 AirtableProdVar SKU: CAVE-GRN-MM-001 PrismaProdVar SKU: CAVE-GRN-MM-001
Physical Product SUID: AMIR-BLU-LL-001-01 AirtableProdVar SKU: AMIR-BLU-LL-001 PrismaProdVar SKU: AMIR-BLU-LL-001
Physical Product SUID: AMIR-BLU-SS-001-01 AirtableProdVar SKU: AMIR-BLU-SS-001 PrismaProdVar SKU: AMIR-BLU-SS-001
Physical Product SUID: GUCC-BLK-MM-003-01 AirtableProdVar SKU: GUCC-BLK-MM-002 PrismaProdVar SKU: GUCC-BLK-MM-002
Physical Product SUID: GUCC-BLK-SS-003-01 AirtableProdVar SKU: GUCC-BLK-SS-002 PrismaProdVar SKU: GUCC-BLK-SS-002
Physical Product SUID: MAMU-GRY-SS-001-01 AirtableProdVar SKU: MAMU-GRY-SS-001 PrismaProdVar SKU: MAMU-GRY-SS-001
Physical Product SUID: BABR-BLK-SS-001-01 AirtableProdVar SKU: BABR-BLK-SS-001 PrismaProdVar SKU: BABR-BLK-SS-001
Physical Product SUID: BABR-BLK-MM-001-01 AirtableProdVar SKU: BABR-BLK-MM-001 PrismaProdVar SKU: BABR-BLK-MM-001
Physical Product SUID: HEPR-WTE-MM-001-01 AirtableProdVar SKU: HEPR-WTE-MM-001 PrismaProdVar SKU: HEPR-WTE-MM-001
Physical Product SUID: SNDO-GRY-MM-002-01 AirtableProdVar SKU: SNDO-GRY-MM-002 PrismaProdVar SKU: SNDO-GRY-MM-002
Physical Product SUID: HEPR-WTE-SS-001-01 AirtableProdVar SKU: HEPR-WTE-SS-001 PrismaProdVar SKU: HEPR-WTE-SS-001
Physical Product SUID: HEPR-WTE-LL-001-01 AirtableProdVar SKU: HEPR-WTE-LL-001 PrismaProdVar SKU: HEPR-WTE-LL-001
Physical Product SUID: STIS-GRY-LL-004-01 AirtableProdVar SKU: STIS-GRY-LL-004 PrismaProdVar SKU: STIS-GRY-LL-004
Physical Product SUID: STIS-GRY-MM-004-01 AirtableProdVar SKU: STIS-GRY-MM-004 PrismaProdVar SKU: STIS-GRY-MM-004
Physical Product SUID: PAAN-RED-MM-001-01 AirtableProdVar SKU: PAAN-RED-MM-001 PrismaProdVar SKU: PAAN-RED-MM-001
Physical Product SUID: PAAN-RED-LL-001-01 AirtableProdVar SKU: PAAN-RED-LL-001 PrismaProdVar SKU: PAAN-RED-LL-001
Physical Product SUID: ONLY-BLU-LL-002-01 AirtableProdVar SKU: ONLY-BLU-LL-002 PrismaProdVar SKU: ONLY-BLU-LL-002
Physical Product SUID: PAAN-RED-SS-001-01 AirtableProdVar SKU: PAAN-RED-SS-001 PrismaProdVar SKU: PAAN-RED-SS-001
Physical Product SUID: JOEL-RED-MM-006-01 AirtableProdVar SKU: JOEL-RED-MM-004 PrismaProdVar SKU: JOEL-RED-MM-004
Physical Product SUID: JOEL-RED-SS-006-01 AirtableProdVar SKU: JOEL-RED-SS-004 PrismaProdVar SKU: JOEL-RED-SS-004
Physical Product SUID: JOEL-RED-LL-006-01 AirtableProdVar SKU: JOEL-RED-LL-004 PrismaProdVar SKU: JOEL-RED-LL-004
Physical Product SUID: JOEL-WTE-SS-007-01 AirtableProdVar SKU: JOEL-WTE-SS-005 PrismaProdVar SKU: JOEL-WTE-SS-005
Physical Product SUID: JOEL-WTE-XL-007-01 AirtableProdVar SKU: JOEL-WTE-XL-005 PrismaProdVar SKU: JOEL-WTE-XL-005
Physical Product SUID: STIS-GRN-MM-001-01 AirtableProdVar SKU: STIS-GRN-MM-001 PrismaProdVar SKU: STIS-GRN-MM-001
Physical Product SUID: CRGR-BLK-LL-002-01 AirtableProdVar SKU: CRGR-BLK-LL-002 PrismaProdVar SKU: CRGR-BLK-LL-002
Physical Product SUID: CRGR-BLK-LL-002-02 AirtableProdVar SKU: CRGR-BLK-LL-002 PrismaProdVar SKU: CRGR-BLK-LL-002
Physical Product SUID: DEVA-GRY-SS-001-01 AirtableProdVar SKU: DEVA-GRY-SS-001 PrismaProdVar SKU: DEVA-GRY-SS-001
Physical Product SUID: DEVA-GRY-LL-001-01 AirtableProdVar SKU: DEVA-GRY-LL-001 PrismaProdVar SKU: DEVA-GRY-LL-001
Physical Product SUID: MAHO-BWN-LL-001-01 AirtableProdVar SKU: MAHO-BWN-LL-001 PrismaProdVar SKU: MAHO-BWN-LL-001
Physical Product SUID: MAHO-BWN-MM-001-01 AirtableProdVar SKU: MAHO-BWN-MM-001 PrismaProdVar SKU: MAHO-BWN-MM-001
Physical Product SUID: AMBU-RED-MM-002-01 AirtableProdVar SKU: AMBU-RED-MM-001 PrismaProdVar SKU: AMBU-RED-MM-001
Physical Product SUID: CPFM-YLW-MM-001-01 AirtableProdVar SKU: CPFM-YLW-MM-001 PrismaProdVar SKU: CPFM-YLW-MM-001
Physical Product SUID: DVNN-BLU-LL-001-01 AirtableProdVar SKU: DVNN-BLU-LL-001 PrismaProdVar SKU: DVNN-BLU-LL-001
Physical Product SUID: DVNN-BLU-MM-001-01 AirtableProdVar SKU: DVNN-BLU-MM-001 PrismaProdVar SKU: DVNN-BLU-MM-001
Physical Product SUID: NORF-BWN-SS-001-01 AirtableProdVar SKU: NORF-BWN-SS-001 PrismaProdVar SKU: NORF-BWN-SS-001
Physical Product SUID: BURB-ORG-MM-001-01 AirtableProdVar SKU: BURB-ORG-MM-001 PrismaProdVar SKU: BURB-ORG-MM-001
Physical Product SUID: ONLY-BLU-LL-001-01 AirtableProdVar SKU: ONLY-BLU-LL-001 PrismaProdVar SKU: ONLY-BLU-LL-001
Physical Product SUID: BURB-ORG-XS-001-01 AirtableProdVar SKU: BURB-ORG-XS-001 PrismaProdVar SKU: BURB-ORG-XS-001
Physical Product SUID: OURL-ORG-SS-001-01 AirtableProdVar SKU: OURL-ORG-SS-001 PrismaProdVar SKU: OURL-ORG-SS-001
Physical Product SUID: OURL-ORG-LL-001-01 AirtableProdVar SKU: OURL-ORG-LL-001 PrismaProdVar SKU: OURL-ORG-LL-001
Physical Product SUID: NOAH-BLK-SS-003-01 AirtableProdVar SKU: NOAH-BLK-SS-001 PrismaProdVar SKU: NOAH-BLK-SS-001
Physical Product SUID: NOAH-BLK-MM-003-01 AirtableProdVar SKU: NOAH-BLK-MM-001 PrismaProdVar SKU: NOAH-BLK-MM-001
Physical Product SUID: STIS-ORG-MM-006-01 AirtableProdVar SKU: STIS-ORG-MM-006 PrismaProdVar SKU: STIS-ORG-MM-006
Physical Product SUID: SNDO-RED-MM-003-01 AirtableProdVar SKU: SNDO-RED-MM-003 PrismaProdVar SKU: SNDO-RED-MM-003
Physical Product SUID: SNDO-RED-LL-003-01 AirtableProdVar SKU: SNDO-RED-LL-003 PrismaProdVar SKU: SNDO-RED-LL-003
Physical Product SUID: JISA-BWN-SS-001-01 AirtableProdVar SKU: JISA-BWN-SS-001 PrismaProdVar SKU: JISA-BWN-SS-001
Physical Product SUID: JISA-BWN-MM-001-01 AirtableProdVar SKU: JISA-BWN-MM-001 PrismaProdVar SKU: JISA-BWN-MM-001
Physical Product SUID: JISA-BWN-LL-001-01 AirtableProdVar SKU: JISA-BWN-LL-001 PrismaProdVar SKU: JISA-BWN-LL-001
Physical Product SUID: BABR-BLK-LL-002-01 AirtableProdVar SKU: BABR-BLK-LL-002 PrismaProdVar SKU: BABR-BLK-LL-002
Physical Product SUID: OFFW-GRY-LL-001-01 AirtableProdVar SKU: OFFW-GRY-LL-001 PrismaProdVar SKU: OFFW-GRY-LL-001
Physical Product SUID: OFFW-GRY-SS-001-01 AirtableProdVar SKU: OFFW-GRY-SS-001 PrismaProdVar SKU: OFFW-GRY-SS-001
Physical Product SUID: OFFW-GRY-MM-001-01 AirtableProdVar SKU: OFFW-GRY-MM-001 PrismaProdVar SKU: OFFW-GRY-MM-001
Physical Product SUID: GUCC-BLK-MM-006-01 AirtableProdVar SKU: GUCC-BLK-MM-003 PrismaProdVar SKU: GUCC-BLK-MM-003
Physical Product SUID: GUCC-BLK-SS-006-01 AirtableProdVar SKU: GUCC-BLK-SS-003 PrismaProdVar SKU: GUCC-BLK-SS-003
Physical Product SUID: ALST-BLK-LL-001-01 AirtableProdVar SKU: ALST-BLK-LL-001 PrismaProdVar SKU: ALST-BLK-LL-001
Physical Product SUID: ALDE-GRY-MM-003-01 AirtableProdVar SKU: ALDE-GRY-MM-003 PrismaProdVar SKU: ALDE-GRY-MM-003
Physical Product SUID: ALDE-GRY-LL-003-01 AirtableProdVar SKU: ALDE-GRY-LL-003 PrismaProdVar SKU: ALDE-GRY-LL-003
Physical Product SUID: ALDE-GRY-SS-003-01 AirtableProdVar SKU: ALDE-GRY-SS-003 PrismaProdVar SKU: ALDE-GRY-SS-003
Physical Product SUID: SDAY-GRY-MM-002-01 AirtableProdVar SKU: SDAY-GRY-MM-002 PrismaProdVar SKU: SDAY-GRY-MM-002
Physical Product SUID: PMOS-RED-MM-002-01 AirtableProdVar SKU: PMOS-RED-MM-002 PrismaProdVar SKU: PMOS-RED-MM-002
Physical Product SUID: STIS-BLU-MM-007-01 AirtableProdVar SKU: STIS-BLU-MM-007 PrismaProdVar SKU: STIS-BLU-MM-007
Physical Product SUID: CDGS-GRY-LL-004-01 AirtableProdVar SKU: CDGS-GRY-LL-004 PrismaProdVar SKU: CDGS-GRY-LL-004
Physical Product SUID: AMIR-BLU-MM-004-01 AirtableProdVar SKU: AMIR-BLU-MM-004 PrismaProdVar SKU: AMIR-BLU-MM-004
Physical Product SUID: CDGS-GRY-SS-004-01 AirtableProdVar SKU: CDGS-GRY-SS-004 PrismaProdVar SKU: CDGS-GRY-SS-004
Physical Product SUID: CDGS-GRY-MM-004-01 AirtableProdVar SKU: CDGS-GRY-MM-004 PrismaProdVar SKU: CDGS-GRY-MM-004
Physical Product SUID: CDGS-BLK-LL-003-01 AirtableProdVar SKU: CDGS-BLK-LL-003 PrismaProdVar SKU: CDGS-BLK-LL-003
Physical Product SUID: CDGS-BLK-MM-003-01 AirtableProdVar SKU: CDGS-BLK-MM-003 PrismaProdVar SKU: CDGS-BLK-MM-003
Physical Product SUID: DUO-BLU-LL-002-01 AirtableProdVar SKU: DUO-BLU-LL-002 PrismaProdVar SKU: DUO-BLU-LL-002
Physical Product SUID: ALST-BWN-LL-004-01 AirtableProdVar SKU: ALST-BLK-LL-004 PrismaProdVar SKU: ALST-BLK-LL-004
Physical Product SUID: ALST-BLK-XL-005-01 AirtableProdVar SKU: ALST-BLK-XL-005 PrismaProdVar SKU: ALST-BLK-XL-005
Physical Product SUID: ALST-BWN-MM-004-01 AirtableProdVar SKU: ALST-BLK-MM-004 PrismaProdVar SKU: ALST-BLK-MM-004
Physical Product SUID: ALST-BLK-XL-003-01 AirtableProdVar SKU: ALST-BLK-XL-003 PrismaProdVar SKU: ALST-BLK-XL-003
Physical Product SUID: Y3NY-WTE-MM-003-01 AirtableProdVar SKU: Y3NY-WTE-MM-003 PrismaProdVar SKU: Y3NY-WTE-MM-003
Physical Product SUID: NOAH-BLK-LL-004-01 AirtableProdVar SKU: NOAH-BLK-LL-002 PrismaProdVar SKU: NOAH-BLK-LL-002
Physical Product SUID: ENGM-GRN-MM-001-01 AirtableProdVar SKU: ENGM-GRN-MM-001 PrismaProdVar SKU: ENGM-GRN-MM-001
Physical Product SUID: ENGM-GRN-SS-001-01 AirtableProdVar SKU: ENGM-GRN-SS-001 PrismaProdVar SKU: ENGM-GRN-SS-001
Physical Product SUID: FOGD-PRP-LL-002-01 AirtableProdVar SKU: FOGD-PRP-LL-002 PrismaProdVar SKU: FOGD-PRP-LL-002
Physical Product SUID: FOGD-PRP-SS-002-01 AirtableProdVar SKU: FOGD-PRP-SS-002 PrismaProdVar SKU: FOGD-PRP-SS-002
Physical Product SUID: FOGD-PRP-MM-002-01 AirtableProdVar SKU: FOGD-PRP-MM-002 PrismaProdVar SKU: FOGD-PRP-MM-002
Physical Product SUID: JOEL-GRY-MM-006-01 AirtableProdVar SKU: JOEL-GRY-MM-006 PrismaProdVar SKU: JOEL-GRY-MM-006
Physical Product SUID: HEPR-YLW-MM-002-01 AirtableProdVar SKU: HEPR-YLW-MM-002 PrismaProdVar SKU: HEPR-YLW-MM-002
Physical Product SUID: MONC-BLK-SS-002-01 AirtableProdVar SKU: MONC-BLK-SS-002 PrismaProdVar SKU: MONC-BLK-SS-002
Physical Product SUID: MONC-BLK-MM-002-01 AirtableProdVar SKU: MONC-BLK-MM-002 PrismaProdVar SKU: MONC-BLK-MM-002
Physical Product SUID: AMIR-BLU-MM-005-01 AirtableProdVar SKU: AMIR-BLU-MM-005 PrismaProdVar SKU: AMIR-BLU-MM-005
Physical Product SUID: NIKE-BLU-LL-001-01 AirtableProdVar SKU: NIKE-BLU-LL-001 PrismaProdVar SKU: NIKE-BLU-LL-001
*** MISALIGNED ***
Physical Product SUID: CDGS-BLK-SS-007-01 AirtableProdVar SKU: CDGS-BLK-SS-005 PrismaProdVar SKU: CDGS-BLK-SS-007
Physical Product SUID: CDGS-BLK-MM-007-01 AirtableProdVar SKU: CDGS-BLK-MM-005 PrismaProdVar SKU: CDGS-BLK-MM-007
Physical Product SUID: LEVI-BLU-MM-007-01 AirtableProdVar SKU: LEVI-BLU-MM-003 PrismaProdVar SKU: LEVI-BLU-MM-007
Physical Product SUID: LEVI-BLK-LL-003-01 AirtableProdVar SKU: LEVI-BLK-LL-001 PrismaProdVar SKU: LEVI-BLK-LL-003
Physical Product SUID: CARH-GRN-LL-007-01 AirtableProdVar SKU: CARH-GRN-LL-002 PrismaProdVar SKU: CARH-GRN-LL-006
Physical Product SUID: ACNE-BLU-MM-015-01 AirtableProdVar SKU: ACNE-BLU-MM-009 PrismaProdVar SKU: ACNE-BLU-MM-012
Physical Product SUID: ACNE-BLU-SS-015-01 AirtableProdVar SKU: ACNE-BLU-SS-009 PrismaProdVar SKU: ACNE-BLU-SS-012
Physical Product SUID: PRDA-BLU-LL-004-01 AirtableProdVar SKU: PRDA-BLU-LL-002 PrismaProdVar SKU: PRDA-BLU-LL-004
Physical Product SUID: PRDA-BLU-SS-004-01 AirtableProdVar SKU: PRDA-BLU-SS-002 PrismaProdVar SKU: PRDA-BLU-SS-004
Physical Product SUID: PRDA-BLU-MM-004-01 AirtableProdVar SKU: PRDA-BLU-MM-002 PrismaProdVar SKU: PRDA-BLU-MM-004
Physical Product SUID: SCAI-BWN-LL-006-01 AirtableProdVar SKU: SCAI-BWN-LL-002 PrismaProdVar SKU: SCAI-BWN-LL-004
Physical Product SUID: SCAI-BWN-MM-006-01 AirtableProdVar SKU: SCAI-BWN-MM-002 PrismaProdVar SKU: SCAI-BWN-MM-004
Physical Product SUID: ACNE-YLW-MM-013-01 AirtableProdVar SKU: ACNE-YLW-MM-010 PrismaProdVar SKU: ACNE-YLW-MM-013
*** PHYSICAL PRODUCTS IN AIRTABLE BUT NOT PRISMA ***
*** ERRORS ***
